;size_fraction;fraction_name;sample_code;station_id;CTD;transect;bot.depth;depth;depth_rank;sampling_date;julian_day;longitude[degrees_east];latitude[degrees_north];OWD;by_OW_minus10_10;ice_concentration_percent;dna_concentration;dna_extraction_kit;n_reads;reads_total;pico_ml;nano_ml;pico_and_nano_ml;crypto_ml;bact_ml;temperature;fluo;cdom;salinity;mixed_layer_depth;nitracline_depth;PAR_irradiance;primary_production;primary_production_std_dev;don_release;NO3_assimilation;NH4_assimilation;NH4_regeneration;urea_assimilation;nitrification;poc;poc_std_dev;pon;pon_std_dev;doc;don;nitrate;nitrite;phosphate;silica;ammonium;urea;rate_NO3_SiOH4;rate_PO4_NO3;rate_NO3_PO4;chlorophyll_a;chlorophyll_b
0-2um-1-01;0-2um;0.2-3 µm;0-2um-1-01;G100;4;T1;371;5;1;09/06/2016;161;-56,8;68,5;12;OW;0;5,8;Zymo;5103;36051;1380;745;2125;0;1154456;0,8;0,1;1,6;33,6;27;30;21,29782121;3,623285312;0,573535022;16,79415945;80,1199785;162,5045139;24,60409719;145,6232048;10,06510259;13,24084407;1,868095497;1,633929272;0,093533056;;;0,025;0,021;0,106;1,533;;;0,016;4,24;0,236;;
0-2um-1-03;0-2um;0.2-3 µm;0-2um-1-03;G100;4;T1;371;30;2;09/06/2016;161;-56,8;68,5;12;OW;0;5,5;Zymo;5906;19883;1198;3974;5172;0;931132;-0,8;2,2;1,8;33,8;27;30;21,29782121;9,268573632;0,832609288;26,24911714;195,6988145;196,4197891;43,28707151;70,74446741;19,41965528;25,01167098;3,470121125;3,227389274;0,358806405;52,57984164;5,720049081;1,098;0,048;0,218;2,351;0,149211567;0,513;0,467;0,199;5,037;0,3914;0,0144
0-2um-1-04;0-2um;0.2-3 µm;0-2um-1-04;G100;4;T1;371;35;3;09/06/2016;161;-56,8;68,5;12;OW;0;2,4;Maxwell;5708;18521;1823;3750;5573;0;523221;-1,5;1,9;2;33,8;27;30;21,29782121;3,806093988;0,569795338;10,56689484;116,5932567;60,39259287;1,214566672;21,45536005;18,62606297;16,90671472;2,595606036;2,08278813;0,104229518;66,43231735;4,177933448;6,228;0,139;0,602;5,259;0,320714983;0,433;1,184;0,097;10,346;;
0-2um-1-05;0-2um;0.2-3 µm;0-2um-1-05;G100;4;T1;371;40;4;09/06/2016;161;-56,8;68,5;12;OW;0;4,2;Zymo;11416;38596;1328;2979;4307;0;445588;-1,5;0,9;1,9;33,8;27;30;21,29782121;4,115665323;0,795727104;7,062645873;126,0901534;65,7025937;3,010298238;17,33103618;14,06548358;11,32804596;1,40508086;1,371172213;0,156415248;76,3216257;3,911661979;7,891;0,153;0,713;6,074;0,337973188;0,453;1,299;0,09;11,067;1,7298;0,0168
0-2um-1-06;0-2um;0.2-3 µm;0-2um-1-06;G100;4;T1;371;55;5;09/06/2016;161;-56,8;68,5;12;OW;0;4,4;Zymo;4820;16753;844;1661;2505;0;366000;-1,5;0,2;2;33,9;27;30;21,29782121;0,216193608;0,216193608;3,628473844;88,14559488;13,76740093;0;6,342923939;11,88587902;4,656880623;0,875890124;0,534319659;0,036955924;93,05095008;3,687987225;9,157;0,166;0,822;6,949;0,204222097;0,473;1,318;0,09;11,14;;
0-2um-1-07;0-2um;0.2-3 µm;0-2um-1-07;G102;7;T1;361;5;1;10/06/2016;162;-57,5;68,5;12;OW;0;3;Zymo;3670;18491;1554;2930;4484;0;1584734;0,2;1,2;1,9;33,6;46;39;19,58709947;;;;;;;;;;;;;;;;;;;;;;;;;
0-2um-1-08;0-2um;0.2-3 µm;0-2um-1-08;G102;7;T1;361;15;2;10/06/2016;162;-57,5;68,5;12;OW;0;5,7;Maxwell;5985;23447;1871;3011;4882;0;1575172;0,2;1,8;1,9;33,7;46;39;19,58709947;13,50770822;1,867524716;164,3864128;83,00023901;161,3540661;11,29560118;100,2813826;6,419887021;24,36280321;3,056986757;3,142425101;0,623317608;120,762063;21,44229452;0,038;0,021;0,152;2,096;0,073744742;0,433;0,018;4;0,25;;
0-2um-1-10;0-2um;0.2-3 µm;0-2um-1-10;G102;7;T1;361;30;3;10/06/2016;162;-57,5;68,5;12;OW;0;3,1;Zymo;9332;36804;1747;3237;4984;0;1456813;0,3;2,6;1,7;33,7;46;39;19,58709947;11,09401752;2,083432134;70,45329376;36,19395253;109,2695205;46,61694888;99,17377517;4,274261183;22,37001779;3,023176749;2,190630044;0,599030925;68,55555868;18,05986485;0;0,02;0,143;1,566;0,01649304;0,493;0;;0;0,9241;0,0172
0-2um-1-11;0-2um;0.2-3 µm;0-2um-1-11;G102;7;T1;361;40;4;10/06/2016;162;-57,5;68,5;12;OW;0;12,8;Zymo;2747;8676;1581;3790;5371;0;1192797;0,3;2,7;2;33,7;46;39;19,58709947;;;;;;;;;;;;;;;;;;;;;;;;1,331;0,0192
0-2um-1-12;0-2um;0.2-3 µm;0-2um-1-12;G102;7;T1;361;60;5;10/06/2016;162;-57,5;68,5;12;OW;0;8,1;Zymo;4468;14095;731;2602;3333;0;420219;-1,2;2,4;2;33,9;46;39;19,58709947;0,143943573;0,143943573;33,03937373;16,60181555;22,46437874;8,972607875;7,209903931;15,31132355;5,606366911;1,174235284;0,997953468;0,183834476;112,2177819;8,706810629;9,508;0,166;0,786;6,705;0,258011808;0,373;1,418;0,083;12,097;1,4198;0,0116
0-2um-1-13;0-2um;0.2-3 µm;0-2um-1-13;G107;13;T1;411;0;1;11/06/2016;163;-59,3;68,5;-19;UI;100;11,4;Zymo;4116;28688;37635;2208;39843;120;1225086;-1,6;0,6;1,7;32,9;15;0;2,495402112;56,46497007;1,586767894;21,96948613;545,8413697;213,5414498;61,27386353;57,43818986;13,56034286;27,87540137;1,12329962;3,823333388;0,096360447;107,1913058;8,260140725;1,61;0,114;0,32;4,142;0,101386759;0,373;0,389;0,199;5,031;0,7057;0,1078
0-2um-1-14;0-2um;0.2-3 µm;0-2um-1-14;G107;13;T1;411;10;2;11/06/2016;163;-59,3;68,5;-19;UI;100;48,9;Zymo;4976;43257;37620;2479;40099;109;1127200;-1,7;1,2;1,8;32,9;15;0;2,495402112;55,09695746;4,588649066;19,84891357;562,4117785;221,6561363;72,56009383;72,38014403;14,01379792;26,44799369;0,959540604;3,72103751;0,155650476;111,4924732;9,366105524;1,706;0,063;0,325;3,689;0,083483531;0,373;0,462;0,191;5,249;1,845;0,3019
0-2um-1-15;0-2um;0.2-3 µm;0-2um-1-15;G107;13;T1;411;15;3;11/06/2016;163;-59,3;68,5;-19;UI;100;38,6;Zymo;5287;62884;38563;2182;40745;182;1029986;-1,7;1,5;1,7;33,2;15;0;2,495402112;30,84986059;3,618967493;14,59459152;203,8920949;212,0636154;13,39155936;50,60969262;11,71576058;20,77501667;1,082417848;2,933459516;0,261938893;109,9810509;17,69203488;2,559;0,061;0,388;3,992;0,122792792;0,314;0,641;0,152;6,595;1,5548;0,3373
0-2um-1-16;0-2um;0.2-3 µm;0-2um-1-16;G107;13;T1;411;23;4;11/06/2016;163;-59,3;68,5;-19;UI;100;4,5;Zymo;1205;27114;26865;891;27756;42;660429;-1,7;0,8;1,9;33,6;15;0;2,495402112;10,00917326;0,507296301;5,494463382;44,89322209;101,0723485;17,66610641;19,74350526;7,467307007;9,666717289;4,374434075;1,493387244;0,272772708;113,904951;14,95421638;5,853;0,071;0,629;5,93;0,125127996;0,413;0,987;0,107;9,305;0,946;0,4122
0-2um-1-17;0-2um;0.2-3 µm;0-2um-1-17;G107;13;T1;411;29;5;11/06/2016;163;-59,3;68,5;-19;UI;100;4,3;Zymo;953;20780;13922;771;14693;10;529986;-1,7;0,8;1,9;33,6;15;0;2,495402112;2,570913311;0,386589396;2,277146217;16,73255307;34,35857131;6,245381307;6,149408993;4,738862133;5,62319696;0,948991922;0,818668979;0,227584779;99,26903306;11,45714973;6,705;0,07;0,732;6,85;0,109949172;0,831;0,979;0,109;9,16;0,7525;0,3366
0-2um-1-18;0-2um;0.2-3 µm;0-2um-1-18;G107;13;T1;411;33;6;11/06/2016;163;-59,3;68,5;-19;UI;100;6,6;Zymo;1145;19956;9885;875;10760;36;456829;-1,7;0,5;1,9;33,7;15;0;2,495402112;2,216851414;2,216851414;3,42106057;19,32238926;31,90178958;0;6,078561853;5,105755067;4,415311354;0,638108909;0,812397829;0,231454877;99,04003881;8,327970431;7,029;0,085;0,748;7,104;0,115397981;0,433;0,989;0,106;9,397;;
0-2um-1-19;0-2um;0.2-3 µm;0-2um-1-19;G110;18;T1;1450;0;1;12/06/2016;164;-60,1;68,5;-25;UI;100;7,4;Zymo;1999;23396;2990;1589;4579;125;389779;-1,6;0,2;2,1;33,4;24;0;3,050623564;11,03062642;1,159246986;16,34238984;155,709383;57,77344648;4,895779972;35,88858684;5,275641135;9,526346982;1,829911079;1,728376349;0,1395218;99,67652263;13,77344574;5,022;0,1;0,596;6,036;0,187907541;0,453;0,832;0,119;8,426;0,851;0,0886
0-2um-1-20;0-2um;0.2-3 µm;0-2um-1-20;G110;18;T1;1450;12;2;12/06/2016;164;-60,1;68,5;-25;UI;100;11,1;Zymo;573;5203;2813;1760;4573;115;370397;-1,7;0,2;2,1;33,4;24;0;3,050623564;8,269808003;2,027872164;5,741515248;129,3744537;33,49343508;22,18618275;28,66060932;8,432022841;7,312563616;2,608945717;1,334245226;0,090031031;110,5115852;16,97580547;5,233;0,052;0,652;6,055;0,349293596;0,453;0,864;0,125;8,026;0,8082;0,0803
0-2um-1-21;0-2um;0.2-3 µm;0-2um-1-21;G110;18;T1;1450;20;3;12/06/2016;164;-60,1;68,5;-25;UI;100;6,7;Zymo;1389;14932;3339;1620;4959;104;352441;-1,7;0,3;2;33,5;24;0;3,050623564;7,708670826;0,669562341;6,273249985;143,5722147;59,13327691;30,27203177;23,76961196;6,640509286;9,543567296;1,414276749;1,452782198;0,064635597;105,4068218;22,71828202;5,665;0,051;0,722;6,282;0,161574151;0,533;0,902;0,127;7,846;0,6134;0,0617
0-2um-1-22;0-2um;0.2-3 µm;0-2um-1-22;G110;18;T1;1450;32;4;12/06/2016;164;-60,1;68,5;-25;UI;100;4,8;Zymo;4140;32907;2250;1474;3724;52;330132;-1,7;0,4;2,2;33,6;24;0;3,050623564;1,850231179;0,22710603;2,122530524;138,2893479;21,29629199;40,15359867;13,61013377;4,59622909;5,560186073;0,413769562;0,958241154;0,144916941;100,7689238;5,5118985;6,762;0,051;0,787;7,438;0,043826283;0,493;0,909;0,116;8,592;0,4198;0,0504
0-2um-1-23;0-2um;0.2-3 µm;0-2um-1-23;G110;18;T1;1450;40;5;12/06/2016;164;-60,1;68,5;-25;UI;100;5,3;Zymo;5331;40700;2135;1448;3583;16;327132;-1,7;0,5;2,2;33,6;24;0;3,050623564;1,007659309;0,13820887;0,147902548;126,8590536;19,36415279;29,41067243;18,44566266;4,416263831;3,78598843;1,228229202;0,786469519;0,095816943;105,4168812;5,408891981;6,857;0,056;0,808;7,725;0,038935797;1,169;0,888;0,118;8,486;0,2335;0,0308
0-2um-1-24;0-2um;0.2-3 µm;0-2um-1-24;G110;18;T1;1450;45;6;12/06/2016;164;-60,1;68,5;-25;UI;100;1,2;Zymo;7665;60057;1302;781;2083;21;301500;-1,7;0,4;2,2;33,6;24;0;3,050623564;;;;;;;;;;;;;100,5356902;7,361009674;7,577;0,046;0,869;8,65;0,012226216;0,433;0,876;0,115;8,719;;
0-2um-1-25;0-2um;0.2-3 µm;0-2um-1-25;G115;25;T1;1734;0;1;13/06/2016;165;-61,4;68,4;-27;UI;93,43999481;4,9;Zymo;7879;39298;1237;1672;2909;59;395059;-1,5;0,2;2,3;32,4;12;0;6,69882826;7,706012119;0,823936483;7,324019368;313,0709881;60,21217878;384,9210055;27,18515845;7,14836114;8,240442936;1,055020058;1,289217489;0,102228168;98,08866695;23,2116215;3,945;0,043;0,905;8,061;0,220978648;0,692;0,489;0,229;4,359;0,337;0,0463
0-2um-1-26;0-2um;0.2-3 µm;0-2um-1-26;G115;25;T1;1734;15;2;13/06/2016;165;-61,4;68,4;-27;UI;93,43999481;3,6;Zymo;7131;34495;726;1371;2097;38;365162;-1,6;0,3;2,3;32,8;12;0;6,69882826;5,777684235;0,447373683;21,78072909;212,5370338;21,25861086;50,79069011;16,88975133;9,263807752;6,419540181;0,315147158;0,9330474;0,167139186;92,72517039;13,42832762;4,98;0,059;0,988;9,512;0,4454961;0,692;0,524;0,198;5,04;0,4212;0,0387
0-2um-1-28;0-2um;0.2-3 µm;0-2um-1-28;G115;25;T1;1734;40;3;13/06/2016;165;-61,4;68,4;-27;UI;93,43999481;1,7;Zymo;2618;20959;75;247;322;0;174706;-1,5;0,1;2,8;33,2;12;0;6,69882826;0,816255646;0,157916015;4,135212938;141,5279313;4,444297237;73,19443662;6,291518517;3,046727297;3,370766307;0,464669;0,514135543;0,122499096;79,96826577;20,96381606;7,649;0,061;1,078;12,349;0,012582414;0,533;0,619;0,141;7,096;0,0709;0,0031
0-2um-1-29;0-2um;0.2-3 µm;0-2um-1-29;G115;25;T1;1734;49;4;13/06/2016;165;-61,4;68,4;-27;UI;93,43999481;1,5;Zymo;3115;74880;22;43;65;0;126191;-1,4;0;2,9;33,3;12;0;6,69882826;0,151395049;0,028578244;2,950031149;107,610222;3,346433098;83,52912857;5,568781832;7,608330399;3,009193694;0,149059526;0,43704646;0,15616733;68,83479947;16,27912023;9,136;0,015;1,152;14,278;0,007470808;0,712;0,64;0,126;7,931;0,0356;0,0018
0-2um-1-30;0-2um;0.2-3 µm;0-2um-1-30;G115;25;T1;1734;57;5;13/06/2016;165;-61,4;68,4;-27;UI;93,43999481;1;Zymo;71;15704;0;11;11;0;130324;-1,3;0;2,8;33,4;12;0;6,69882826;0,067277858;0,067277858;2,851529089;116,97723;2,561646802;57,59200949;6,201025004;4,133625091;2,794065257;0,939875621;0,391118398;0,031645144;;;8,82;0,021;1,104;12,772;;;0,691;0,125;7,989;;
0-2um-2-01;0-2um;0.2-3 µm;0-2um-2-01;G201;29;T2;1354;0;1;14/06/2016;166;-59,9;68,6;-21;UI;98,62999725;6,8;Zymo;1125;18890;9802;818;10620;68;585044;-1,5;0,1;2,1;33,3;24;1;8,417219486;12,05148927;1,111848347;22,95260091;91,06024657;117,538669;66,52044468;NA;8,21215676;11,92424754;1,311802621;1,838531329;8,62E-04;101,5892617;13,76306892;5,146;0,051;0,681;6,511;0,203702768;NA;0,79;0,132;7,557;0,7445;0,1197
0-2um-2-02;0-2um;0.2-3 µm;0-2um-2-02;G201;29;T2;1354;15;2;14/06/2016;166;-59,9;68,6;-21;UI;98,62999725;11,1;Zymo;1901;30461;7630;990;8620;68;516529;-1,6;0,3;2;33,4;24;1;8,417219486;6,926631284;1,860589757;9,710299761;39,41073563;68,33141882;46,2552467;NA;3,599264449;9,48976154;0,086703268;1,347704346;0,039223962;NA;NA;5,39;0,055;0,76;6,901;0,216434191;NA;0,781;0,141;7,092;;
0-2um-2-04;0-2um;0.2-3 µm;0-2um-2-04;G201;29;T2;1354;21;3;14/06/2016;166;-59,9;68,6;-21;UI;98,62999725;5,8;Zymo;459;5440;7432;875;8307;57;495324;-1,7;0,4;2,1;33,4;24;1;8,417219486;5,903797554;0,481741966;12,27747798;46,2482933;58,25198812;42,99338601;NA;9,971101105;8,689522763;0,806087185;1,131918081;0,098192654;112,0083858;17,67624523;5,439;0,047;0,784;6,849;0,202159565;NA;0,794;0,144;6,938;0,7119;0,1204
0-2um-2-05;0-2um;0.2-3 µm;0-2um-2-05;G201;29;T2;1354;25;4;14/06/2016;166;-59,9;68,6;-21;UI;98,62999725;8,9;Zymo;1251;14356;8068;786;8854;89;489426;-1,7;0,5;2,1;33,5;24;1;8,417219486;;;;;;;;;;;;;NA;NA;5,463;0,043;0,778;6,932;NA;NA;0,788;0,142;7,022;;
0-2um-2-06;0-2um;0.2-3 µm;0-2um-2-06;G201;29;T2;1354;32;5;14/06/2016;166;-59,9;68,6;-21;UI;98,62999725;1,5;Zymo;2094;30555;5078;1005;6083;99;440824;-1,7;0,4;2,1;33,5;24;1;8,417219486;1,523794009;0,568519204;7,57586022;21,25365853;39,49278671;41,18104553;NA;8,705197197;6,793056171;0,20999553;0,912750092;0,07041221;103,8466933;13,45473754;5,691;0,041;0,778;7,155;0,167437503;NA;0,795;0,137;7,315;0,5411;0,0655
0-2um-2-07;0-2um;0.2-3 µm;0-2um-2-07;G204;34;T2;549;0;1;15/06/2016;167;-59,3;68,7;-14;UI;92,66999817;16,3;Zymo;8256;41068;14289;4883;19172;39;2259417;-1,5;1;1,9;32,5;9;7;15,46969002;88,12898489;2,974917074;69,0755273;126,8412239;405,437885;44,73126707;122,5648301;28,6867219;44,38293329;3,973683325;4,20714389;0,439741685;180,0085595;8,941347373;0,083;0,015;0,166;1,375;1,375;0,413;0,06;2;0,5;2,4849;0,0975
0-2um-2-08;0-2um;0.2-3 µm;0-2um-2-08;G204;34;T2;549;13;2;15/06/2016;167;-59,3;68,7;-14;UI;92,66999817;22,4;Zymo;11188;55926;9322;3489;12811;72;1648983;-1,6;2,6;1,9;33;9;7;15,46969002;55,01395853;3,969757987;64,27759269;622,503965;347,7605706;30,39322969;123,8405334;47,03419994;28,1625593;1,08101023;4,029399338;0,167225494;133,8979632;11,26723798;1,85;0,038;0,397;3,14;3,14;1,845;0,589;0,215;4,66;2,1914;0,0972
0-2um-2-09;0-2um;0.2-3 µm;0-2um-2-09;G204;34;T2;549;20;3;15/06/2016;167;-59,3;68,7;-14;UI;92,66999817;7,3;Zymo;14441;87943;11372;1200;12572;17;1158300;-1,6;0,8;2;33,5;9;7;15,46969002;11,68514332;0,681595071;40,69337815;193,7524348;157,4145268;9,8370686;17,37249517;13,74135638;11,32895734;1,088501238;1,573676557;0,11650081;121,6437791;6,991808067;4,442;0,06;0,571;5,24;5,24;0,453;0,848;0,129;7,779;1,1879;0,1567
0-2um-2-10;0-2um;0.2-3 µm;0-2um-2-10;G204;34;T2;549;29;4;15/06/2016;167;-59,3;68,7;-14;UI;92,66999817;6,2;Zymo;3295;84051;11133;450;11583;0;732550;-1,7;0,5;2;33,6;9;7;15,46969002;1,306276918;1,055386335;10,05484125;171,8317032;31,4472674;15,01967406;5,049105649;16,50679261;6,006380159;0,770045746;0,63752353;0,15176239;133,1994533;5,831954455;6,343;0,076;0,726;7,685;7,685;0,453;0,825;0,114;8,737;0,6884;0,2823
0-2um-2-11;0-2um;0.2-3 µm;0-2um-2-11;G204;34;T2;549;39;5;15/06/2016;167;-59,3;68,7;-14;UI;92,66999817;2,1;Zymo;1533;24436;5206;522;5728;0;484650;-1,7;0,3;2,1;33,7;9;7;15,46969002;0,711142289;0,711142289;4,603158677;257,2489846;10,34229575;5,087067246;7,15098013;23,59391526;6,331530929;1,775031545;0,615281197;0,109642477;97,55341942;7,65528973;7,04;0,084;0,793;7,577;7,577;0,433;0,929;0,113;8,878;0,3431;0,0756
0-2um-2-12;0-2um;0.2-3 µm;0-2um-2-12;G204;34;T2;549;50;6;15/06/2016;167;-59,3;68,7;-14;UI;92,66999817;1,1;Zymo;3262;50955;1683;450;2133;0;307417;-1,6;0,2;2,1;33,7;9;7;15,46969002;;;;;;;;;;;;;;;;;;;;;;;;;
0-2um-2-13;0-2um;0.2-3 µm;0-2um-2-13;G207;40;T2;322;0;1;16/06/2016;168;-58,5;68,8;2;MIZ;41,02999878;13,6;Zymo;2562;12394;14877;2518;17395;0;1815030;-0,3;0,9;1,8;33;7;20;19,59633845;14,41313098;1,008963408;13,45290383;197,5659169;173,5137436;34,36203846;135,0239521;2,367539307;24,13674357;2,278553622;2,558781864;0,084394952;181,5554581;37,11869856;0,181;0,06;0,096;3,809;0,413;0,413;0,048;0,53;1,885;1,5686;0,0991
0-2um-2-14;0-2um;0.2-3 µm;0-2um-2-14;G207;40;T2;322;15;2;16/06/2016;168;-58,5;68,8;2;MIZ;41,02999878;15;Zymo;8373;21519;16118;10749;26867;0;1565136;-0,7;3,5;1,9;33,2;7;20;19,59633845;33,30969872;4,972836298;46,56106516;125,1413216;704,2269945;67,2971873;165,188448;10,83995807;46,45063099;2,693793234;5,376178943;0,031391447;123,9206876;20,27278367;0,272;0,035;0,202;3,458;0,652;0,652;0,079;0,743;1,347;3,5095;0,1208
0-2um-2-15;0-2um;0.2-3 µm;0-2um-2-15;G207;40;T2;322;19;3;16/06/2016;168;-58,5;68,8;2;MIZ;41,02999878;14,9;Zymo;10619;25980;11703;7379;19082;0;1087682;-1,5;6,1;2;33,6;7;20;19,59633845;23,41984082;1,884063714;55,86023204;110,7423681;671,0622663;80,12633332;122,4804958;8,774546697;48,75536934;4,732606574;5,494023899;0,281025474;134,0821433;26,8561777;0,05;0;0,22;2,615;0,373;0,373;0,019;4,4;0,227;3,0424;0,1164
0-2um-2-16;0-2um;0.2-3 µm;0-2um-2-16;G207;40;T2;322;29;4;16/06/2016;168;-58,5;68,8;2;MIZ;41,02999878;3,7;Zymo;10269;45680;8610;1415;10025;0;658939;-1,7;0,8;1,9;33,7;7;20;19,59633845;3,478754778;3,478754778;49,57354736;54,01326985;80,99456576;79,18105193;17,87257554;13,0136314;10,72608824;0,803599939;1,542175696;0,24955316;;;5,856;0,11;0,574;5,488;;;1,067;0,098;10,202;0,6447;0,1873
0-2um-2-17;0-2um;0.2-3 µm;0-2um-2-17;G207;40;T2;322;37;5;16/06/2016;168;-58,5;68,8;2;MIZ;41,02999878;3,5;Zymo;6399;50418;6974;662;7636;0;530485;-1,7;0,7;2;33,7;7;20;19,59633845;;;;;;;;;;;;;;;;;;;;;;;;0,4881;0,1821
0-2um-2-18;0-2um;0.2-3 µm;0-2um-2-18;G207;40;T2;322;50;6;16/06/2016;168;-58,5;68,8;2;MIZ;41,02999878;1,6;Zymo;768;23381;1379;241;1620;0;323591;-1,6;0,2;2;33,8;7;20;19,59633845;;;;;;;;;;;;;;;;;;;;;;;;0,1374;0,0267
0-2um-3-01;0-2um;0.2-3 µm;0-2um-3-01;G300;49;T3;196;0;1;17/06/2016;169;-56,8;69;26;OW;0;7,4;Zymo;791;20474;714;450;1164;0;1017000;1,3;0,1;2;33,8;42;31;18,82558791;4,535649287;0,431111363;5,459112333;63,17106685;239,7543198;19,33766594;139,8414885;1,481350321;22,40306536;2,166143974;2,193590849;0,500476097;154,2013502;6,398727808;0;0;0,194;1,715;0,314;0,314;0;;0;0,229;NA
0-2um-3-02;0-2um;0.2-3 µm;0-2um-3-02;G300;49;T3;196;15;2;17/06/2016;169;-56,8;69;26;OW;0;19,7;Zymo;1102;23728;905;429;1334;0;1025061;1,2;0,1;2,1;33,8;42;31;18,82558791;;;;;;;;;;;;;;;;;;;;;;;;0,269;NA
0-2um-3-03;0-2um;0.2-3 µm;0-2um-3-03;G300;49;T3;196;26;3;17/06/2016;169;-56,8;69;26;OW;0;10,5;Zymo;854;29997;614;354;968;0;1006894;1,2;0,2;2;33,8;42;31;18,82558791;3,467792497;0,238470366;7,282774757;55,4668552;162,9613377;13,97232592;115,3244688;1,347839839;23,34567032;1,816763004;2,566991602;0,319476312;174,0357353;17,12373865;0;0;0,214;1,537;0,314;0,314;0;;0;;
0-2um-3-04;0-2um;0.2-3 µm;0-2um-3-04;G300;49;T3;196;47;4;17/06/2016;169;-56,8;69;26;OW;0;18,8;Zymo;10718;67813;0;1048;1048;0;528409;-0,8;1,8;2,1;33,8;42;31;18,82558791;3,839199017;0,720515486;36,86287649;89,55865002;100,3356901;25,90633982;26,10571474;6,201303872;18,40272882;1,372672826;2,165858909;0,273579497;158,2016868;17,37793109;1,7;0,058;0,419;3,077;0,433;0,433;0,552;0,246;4,057;2,3548;NA
0-2um-3-05;0-2um;0.2-3 µm;0-2um-3-05;G300;49;T3;196;64;5;17/06/2016;169;-56,8;69;26;OW;0;3,5;Zymo;1863;7542;0;3921;3921;0;794939;-0,8;1,9;2,1;34;42;31;18,82558791;0,505662382;0,084803228;72,17925544;65,4366465;78,40069837;98,23142426;16,59748415;18,23378614;19,80896426;2,338658749;2,31647546;0,262734725;312,6228769;22,16977261;9,006;0,161;0,905;5,642;0,513;0,513;1,596;0,1;9,951;;
0-2um-3-06;0-2um;0.2-3 µm;0-2um-3-06;G300;49;T3;196;75;6;17/06/2016;169;-56,8;69;26;OW;0;10;Zymo;13610;44121;0;3386;3386;0;925576;-0,5;1,7;2,2;34;42;31;18,82558791;;;;;;;;;;;;;;;;;;;;;;;;;
0-2um-3-07;0-2um;0.2-3 µm;0-2um-3-07;G309;58;T3;343;0;1;18/06/2016;170;-58,7;69;2;MIZ;0;8,6;Zymo;2347;19795;;;0;;;-0,6;0,8;1,8;33,1;12;19;20,20734562;28,36983978;1,586452769;72,55834171;190,6228746;448,971864;67,65133991;186,5038209;6,304798694;27,17675694;0,839914842;3,216514652;0,225361916;10,22182519;19,26632182;0,026;0,046;0,086;1,702;0,09850693;0,652;0,015;3,308;0,302;0,7775;0,0419
0-2um-3-08;0-2um;0.2-3 µm;0-2um-3-08;G309;58;T3;343;13;2;18/06/2016;170;-58,7;69;2;MIZ;0;9,3;Zymo;2070;20564;;;0;;;-0,6;1,7;1,9;33,1;12;19;20,20734562;11,98883522;2,552836951;101,6021459;164,0469837;396,8610399;70,09087629;141,9735999;8,687791468;26,52101821;3,703950379;3,021170702;0,269402066;197,8704745;13,05642678;0,021;0,012;0,075;1,076;0,029607943;0,652;0,02;3,571;0,28;;
0-2um-3-09;0-2um;0.2-3 µm;0-2um-3-09;G309;58;T3;343;15;3;18/06/2016;170;-58,7;69;2;MIZ;0;8,9;Zymo;906;6682;;;0;;;-0,6;2,2;1,9;33,1;12;19;20,20734562;9,559871237;0,616807534;115,1147192;245,8677377;501,2984788;77,08223864;165,1853308;13,65846957;28,99589779;3,706708742;3,059403126;0,29942658;232,7941771;16,04430721;0,028;0,022;0,077;1,251;0,16703349;0,712;0,022;2,75;0,364;2,1307;0,0783
0-2um-3-10;0-2um;0.2-3 µm;0-2um-3-10;G309;58;T3;343;20;4;18/06/2016;170;-58,7;69;2;MIZ;0;14,1;Zymo;4805;16321;;;0;;;-0,9;4,8;2;33,4;12;19;20,20734562;12,58286637;3,124814537;NA;288,3709584;NA;NA;65,47500118;NA;39,27067801;1,359156767;5,410240201;0,47705635;185,1208147;5,973211229;0,758;0,031;0,27;3,007;0,017317853;0,99;0,252;0,356;2,807;2,8827;0,0951
0-2um-3-11;0-2um;0.2-3 µm;0-2um-3-11;G309;58;T3;343;38;5;18/06/2016;170;-58,7;69;2;MIZ;0;0,7;Zymo;2017;19826;;;0;;;-1,7;0,5;2;33,7;12;19;20,20734562;;;;;;;;;;;;;;;;;;;;;;;;0,4724;0,0501
0-2um-3-12;0-2um;0.2-3 µm;0-2um-3-12;G309;58;T3;343;50;6;18/06/2016;170;-58,7;69;2;MIZ;0;0,8;Zymo;1924;32617;;;0;;;-1,7;0,2;2;33,8;12;19;20,20734562;;;;;;;;;;;;;;;;;;;;;;;;;
0-2um-3-13;0-2um;0.2-3 µm;0-2um-3-13;G312;66;T3;1395;0;1;19/06/2016;171;-59,6;69;-10;MIZ;100;9,1;Zymo;780;19325;4751;582;5333;100;1361971;-1,6;0,2;1,8;32,6;11;0;2,179350584;15,94564669;1,222693557;123,6704971;102,9169392;277,0045728;164,8886071;15,46134574;10,38249625;14,34687698;2,136540418;2,33201502;0,290040277;NA;13,77464885;1,742;0,052;0,447;4,04;0,77165589;0,791;0,431;0,257;3,897;0,7136;0,1122
0-2um-3-14;0-2um;0.2-3 µm;0-2um-3-14;G312;66;T3;1395;11;2;19/06/2016;171;-59,6;69;-10;MIZ;100;13,4;Zymo;2667;49807;6264;542;6806;104;1196800;-1,6;0,2;1,9;32,7;11;0;2,179350584;12,23762696;2,410585663;152,8720548;73,52747632;228,8371968;178,8926875;14,84896066;5,775271002;13,15733606;0,674309753;2,085235567;0,131220892;82,41681826;6,782195947;2,711;0,057;0,547;4,919;0,632944633;0,791;0,551;0,202;4,956;1,0721;0,1386
0-2um-3-15;0-2um;0.2-3 µm;0-2um-3-15;G312;66;T3;1395;18;3;19/06/2016;171;-59,6;69;-10;MIZ;100;5,2;Zymo;6145;31385;10020;1701;11721;80;1135100;-1,6;1,4;1,9;33,2;11;0;2,179350584;21,77728668;2,987093655;163,8062326;167,3073086;239,540217;164,8095042;17,14514635;18,03826496;16,13537509;0,845117335;2,579053478;0,131907106;137,6143514;4,95435812;3,509;0,056;0,619;5,991;0,300276088;0,433;0,586;0,176;5,669;1,0345;0,1366
0-2um-3-16;0-2um;0.2-3 µm;0-2um-3-16;G312;66;T3;1395;28;4;19/06/2016;171;-59,6;69;-10;MIZ;100;6,9;Zymo;4084;29599;6602;930;7532;15;671114;-1,6;1,3;2;33,5;11;0;2,179350584;5,680734937;1,097750921;144,8071808;23,79764079;85,93176687;152,9252732;8,986165146;12,03263365;8,240686067;0,66686072;1,341723383;0,107293518;149,6644385;6,591794435;5,963;0,066;0,804;8,022;0,221580303;0,393;0,743;0,135;7,417;0,6876;0,1063
0-2um-3-17;0-2um;0.2-3 µm;0-2um-3-17;G312;66;T3;1395;35;5;19/06/2016;171;-59,6;69;-10;MIZ;100;3,4;Zymo;3644;39579;3408;642;4050;0;445386;-1,6;0,6;2,2;33,6;11;0;2,179350584;1,800992937;0,318857989;139,8608139;9,385622082;32,82098844;129,5466065;5,014105261;5,685451386;5,055177694;0,67229855;0,83494618;0,138796729;115,4513647;5,565558359;7,133;0,071;0,87;8,56;0,31537932;0,433;0,833;0,122;8,199;0,4584;0,0718
0-2um-3-18;0-2um;0.2-3 µm;0-2um-3-18;G312;66;T3;1395;54;6;19/06/2016;171;-59,6;69;-10;MIZ;100;1,4;Zymo;1618;31272;1597;507;2104;0;331314;-1,7;0,3;2,1;33,7;11;0;2,179350584;;;;;;;;;;;;;;;;;;;;;;;;;
0-2um-3-19;0-2um;0.2-3 µm;0-2um-3-19;G318;73;T3;1775;0;1;20/06/2016;172;-61;69;-15;UI;98,87999725;15,1;Zymo;1159;18591;2216;2735;4951;137;300294;-1,5;0,3;2;33,2;9;0;6,772966238;16,75490825;1,072936413;123,1726766;88,51744221;41,43161731;93,76803788;20,10236762;4,064044459;12,99262331;1,048735118;2,129367432;0,249564131;151,1455982;15,16146904;5,164;0,1;0,676;6,86;0,25565789;1,905;0,753;0,131;7,639;1,0924;0,1744
0-2um-3-20;0-2um;0.2-3 µm;0-2um-3-20;G318;73;T3;1775;12;2;20/06/2016;172;-61;69;-15;UI;98,87999725;10,7;Zymo;3598;71634;1157;2598;3755;142;283544;-1,6;0,4;2;33,5;9;0;6,772966238;11,61354608;0,844233127;188,2959808;65,8475488;178,7674405;78,95861773;60,44138976;19,10480974;9,303168691;0,454070547;1,874522298;0,256455852;150,6796548;14,30728762;5,605;0,052;0,753;6,275;0,241138562;1,905;0,893;0,134;7,444;0,9073;0,0491
0-2um-3-21;0-2um;0.2-3 µm;0-2um-3-21;G318;73;T3;1775;19;3;20/06/2016;172;-61;69;-15;UI;98,87999725;1,2;Zymo;2408;30704;662;1838;2500;49;247132;-1,7;0,6;2,1;33,6;9;0;6,772966238;7,408897761;0,647406543;68,06974304;46,80142779;40,2064836;37,34631445;16,26251862;1,236354643;6,976989081;0,776405279;1,475822121;0,18804527;92,75256326;29,29455872;6,403;0,06;0,84;7,489;0,16265571;0,692;0,855;0,131;7,623;0,7178;0,0415
0-2um-3-22;0-2um;0.2-3 µm;0-2um-3-22;G318;73;T3;1775;30;4;20/06/2016;172;-61;69;-15;UI;98,87999725;1,6;Zymo;2237;41333;221;838;1059;15;220779;-1,7;0,2;2,3;33,7;9;0;6,772966238;1,279688116;0,032512991;35,57925534;9,39595852;30,78289564;4,877638655;7,610407791;1,307577112;2,399819879;1,010077546;1,03204944;0,247958577;138,8837126;25,81426502;8,513;0,084;0,965;9,514;0,026095548;0,473;0,895;0,113;8,822;0,1926;0,0154
0-2um-3-23;0-2um;0.2-3 µm;0-2um-3-23;G318;73;T3;1775;43;5;20/06/2016;172;-61;69;-15;UI;98,87999725;4,3;Zymo;1413;23720;240;809;1049;0;238397;-1,7;0,1;2,2;33,7;9;0;6,772966238;0,563460541;0,093541414;47,98102891;5,344558708;48,24724985;4,287241018;7,95822518;7,149885964;2,230486313;0,829332539;0,655444459;0,168967914;101,654464;5,403099913;8,568;0,052;0,927;8,643;0,019424506;1,01;0,991;0,108;9,243;;
0-2um-3-24;0-2um;0.2-3 µm;0-2um-3-24;G318;73;T3;1775;59;6;20/06/2016;172;-61;69;-15;UI;98,87999725;1,3;Zymo;578;12343;0;926;926;0;232647;-1,7;0,2;2,1;33,8;9;0;6,772966238;0,051894104;0,051894104;54,91518921;3,744153824;54,78874637;1,96583008;3,334226817;8,604527311;2,547895556;0,635806505;0,574261848;0,11344498;117,9586469;5,025269247;8,674;0,047;0,918;8,384;0,024918305;0,692;1,035;0,106;9,449;0,0749;0,0108
0-2um-3-25;0-2um;0.2-3 µm;0-2um-3-25;G324;81;T3;1890;0;1;21/06/2016;173;-62,3;69;-23;UI;100;10,4;Zymo;1673;13714;2808;2869;5677;146;555563;-1,6;0,2;2,4;32,5;10;0;3,188040945;14,83211612;0,575628524;104,9322799;118,958698;47,35453905;73,20680683;28,15559351;2,827353528;11,81993994;1,049442427;2,034112222;0,169271745;133,6189906;5,584325931;4,114;0,082;0,892;9,875;0,194001555;0,513;0,417;0,217;4,612;0,8836;0,1529
0-2um-3-26;0-2um;0.2-3 µm;0-2um-3-26;G324;81;T3;1890;12;2;21/06/2016;173;-62,3;69;-23;UI;100;24,1;Zymo;2941;32870;3722;1929;5651;131;504484;-1,6;0,6;2,4;32,8;10;0;3,188040945;12,05511168;0,073602467;71,33684721;53,01450593;47,20885006;52,44416363;17,44524679;2,828052159;11,1878607;0,724056874;2,170632256;0,263725172;132,1733708;5,455805897;4,13;0,058;0,897;8,197;0,23524598;0,513;0,504;0,217;4,604;0,8879;0,1449
0-2um-3-27;0-2um;0.2-3 µm;0-2um-3-27;G324;81;T3;1890;20;3;21/06/2016;173;-62,3;69;-23;UI;100;6,6;Zymo;5229;54957;4449;1490;5939;76;523625;-1,6;0,7;2,5;33;10;0;3,188040945;8,515803717;0,205797225;78,91111847;37,92008345;37,39470655;49,23244456;13,84691874;0,519610381;7,835241606;0,282739017;1,546227058;0,377418875;96,04970874;6,56023765;4,366;0,058;0,886;7,674;0,240974372;0,393;0,569;0,203;4,928;0,7565;0,1261
0-2um-3-28;0-2um;0.2-3 µm;0-2um-3-28;G324;81;T3;1890;31;4;21/06/2016;173;-62,3;69;-23;UI;100;7,2;Zymo;1702;18505;3672;1298;4970;25;385953;-1,6;0,6;2,5;33,1;10;0;3,188040945;4,227047874;0,116535653;26,10269803;14,89175868;9,936008425;27,00197413;11,3404713;1,747194145;5,719181458;0,1661096;1,241570522;0,376071706;116,86506;5,141867631;5,362;0,069;0,939;8,46;0,218442696;0,552;0,634;0,175;5,71;0,6684;0,1063
0-2um-3-29;0-2um;0.2-3 µm;0-2um-3-29;G324;81;T3;1890;39;5;21/06/2016;173;-62,3;69;-23;UI;100;7,9;Zymo;1660;20925;3934;1141;5075;40;286047;-1,6;0,6;2,5;33,4;10;0;3,188040945;1,703425342;0,287857691;50,2031394;5,964160241;35,52483974;10,73375957;5,548968115;2,713445066;4,896118184;0,115903046;1,000663138;0,302889314;119,7658222;5,362814847;6,446;0,079;0,968;9,325;0,115331633;0,751;0,691;0,15;6,659;0,5629;0,0996
0-2um-3-30;0-2um;0.2-3 µm;0-2um-3-30;G324;81;T3;1890;60;6;21/06/2016;173;-62,3;69;-23;UI;100;1,5;Zymo;253;5454;449;354;803;15;185094;-1,7;0,2;2,6;33,6;10;0;3,188040945;;;;;;;;;;;;;;;;;;;;;;;;;
20um-1-01;20um;> 20 µm;20um-1-01;G100;4;T1;371;5;1;09/06/2016;161;-56,8;68,5;12;OW;0;0,9;Zymo;301;15487;1380;745;2125;0;1154456;0,8;0,1;1,6;33,6;27;30;21,29782121;3,623285312;0,573535022;16,79415945;80,1199785;162,5045139;24,60409719;145,6232048;10,06510259;13,24084407;1,868095497;1,633929272;0,093533056;;;0,025;0,021;0,106;1,533;;;0,016;4,24;0,236;;
20um-1-02;20um;> 20 µm;20um-1-02;G100;4;T1;371;20;2;09/06/2016;161;-56,8;68,5;12;OW;0;0,5;Zymo;729;48042;1286;839;2125;0;1175676;0,3;0,8;1,8;33,7;27;30;21,29782121;2,354324991;0,59204417;18,78821728;52,69295602;116,163662;11,25171038;55,84121951;8,480097789;14,87720402;0,625577495;1,817240192;0,30492484;133,1214219;10,20945239;0,016;0,017;0,099;0,969;0,017617751;0,572;0,017;6,188;0,162;0,2057;0,0087
20um-1-03;20um;> 20 µm;20um-1-03;G100;4;T1;371;30;3;09/06/2016;161;-56,8;68,5;12;OW;0;1,7;Zymo;156;8835;1198;3974;5172;0;931132;-0,8;2,2;1,8;33,8;27;30;21,29782121;9,268573632;0,832609288;26,24911714;195,6988145;196,4197891;43,28707151;70,74446741;19,41965528;25,01167098;3,470121125;3,227389274;0,358806405;52,57984164;5,720049081;1,098;0,048;0,218;2,351;0,149211567;0,513;0,467;0,199;5,037;0,3914;0,0144
20um-1-04;20um;> 20 µm;20um-1-04;G100;4;T1;371;35;4;09/06/2016;161;-56,8;68,5;12;OW;0;1,9;Zymo;487;18927;1823;3750;5573;0;523221;-1,5;1,9;2;33,8;27;30;21,29782121;3,806093988;0,569795338;10,56689484;116,5932567;60,39259287;1,214566672;21,45536005;18,62606297;16,90671472;2,595606036;2,08278813;0,104229518;66,43231735;4,177933448;6,228;0,139;0,602;5,259;0,320714983;0,433;1,184;0,097;10,346;;
20um-1-05;20um;> 20 µm;20um-1-05;G100;4;T1;371;40;5;09/06/2016;161;-56,8;68,5;12;OW;0;1,1;Zymo;337;7737;1328;2979;4307;0;445588;-1,5;0,9;1,9;33,8;27;30;21,29782121;4,115665323;0,795727104;7,062645873;126,0901534;65,7025937;3,010298238;17,33103618;14,06548358;11,32804596;1,40508086;1,371172213;0,156415248;76,3216257;3,911661979;7,891;0,153;0,713;6,074;0,337973188;0,453;1,299;0,09;11,067;1,7298;0,0168
20um-1-06;20um;> 20 µm;20um-1-06;G100;4;T1;371;55;6;09/06/2016;161;-56,8;68,5;12;OW;0;0,1;Zymo;828;30495;844;1661;2505;0;366000;-1,5;0,2;2;33,9;27;30;21,29782121;0,216193608;0,216193608;3,628473844;88,14559488;13,76740093;0;6,342923939;11,88587902;4,656880623;0,875890124;0,534319659;0,036955924;93,05095008;3,687987225;9,157;0,166;0,822;6,949;0,204222097;0,473;1,318;0,09;11,14;;
20um-1-07;20um;> 20 µm;20um-1-07;G102;7;T1;361;5;1;10/06/2016;162;-57,5;68,5;12;OW;0;0,7;Zymo;853;35645;1554;2930;4484;0;1584734;0,2;1,2;1,9;33,6;46;39;19,58709947;;;;;;;;;;;;;;;;;;;;;;;;;
20um-1-08;20um;> 20 µm;20um-1-08;G102;7;T1;361;15;2;10/06/2016;162;-57,5;68,5;12;OW;0;1,5;Zymo;537;22170;1871;3011;4882;0;1575172;0,2;1,8;1,9;33,7;46;39;19,58709947;13,50770822;1,867524716;164,3864128;83,00023901;161,3540661;11,29560118;100,2813826;6,419887021;24,36280321;3,056986757;3,142425101;0,623317608;120,762063;21,44229452;0,038;0,021;0,152;2,096;0,073744742;0,433;0,018;4;0,25;;
20um-1-09;20um;> 20 µm;20um-1-09;G102;7;T1;361;20;3;10/06/2016;162;-57,5;68,5;12;OW;0;1,7;Zymo;382;19703;1892;3027;4919;0;1521672;0,2;2;1,9;33,7;46;39;19,58709947;11,09401752;2,083432134;70,45329376;36,19395253;109,2695205;46,61694888;99,17377517;4,274261183;22,37001779;3,023176749;2,190630044;0,599030925;98,32789073;39,01501414;0,011;0,031;0,144;1,679;0,015355589;0,433;0,007;13,091;0,076;0,9005;0,017
20um-1-10;20um;> 20 µm;20um-1-10;G102;7;T1;361;30;4;10/06/2016;162;-57,5;68,5;12;OW;0;2,6;Zymo;882;34553;1747;3237;4984;0;1456813;0,3;2,6;1,7;33,7;46;39;19,58709947;10,32023628;3,569205846;44,6823702;54,53430636;123,8384566;99,6332878;50,61752513;8,418518625;26,2785123;3,686635271;3,175680778;0,444434117;68,55555868;18,05986485;0;0,02;0,143;1,566;0,01649304;0,493;0;;0;0,9241;0,0172
20um-1-11;20um;> 20 µm;20um-1-11;G102;7;T1;361;40;5;10/06/2016;162;-57,5;68,5;12;OW;0;1,1;Zymo;665;12671;1581;3790;5371;0;1192797;0,3;2,7;2;33,7;46;39;19,58709947;;;;;;;;;;;;;;;;;;;;;;;;1,331;0,0192
20um-1-12;20um;> 20 µm;20um-1-12;G102;7;T1;361;60;6;10/06/2016;162;-57,5;68,5;12;OW;0;0,5;Zymo;1314;23067;731;2602;3333;0;420219;-1,2;2,4;2;33,9;46;39;19,58709947;0,143943573;0,143943573;33,03937373;16,60181555;22,46437874;8,972607875;7,209903931;15,31132355;5,606366911;1,174235284;0,997953468;0,183834476;112,2177819;8,706810629;9,508;0,166;0,786;6,705;0,258011808;0,373;1,418;0,083;12,097;1,4198;0,0116
20um-1-13;20um;> 20 µm;20um-1-13;G107;13;T1;411;0;1;11/06/2016;163;-59,3;68,5;-19;UI;100;1,5;Zymo;394;27939;37635;2208;39843;120;1225086;-1,6;0,6;1,7;32,9;15;0;2,495402112;56,46497007;1,586767894;21,96948613;545,8413697;213,5414498;61,27386353;57,43818986;13,56034286;27,87540137;1,12329962;3,823333388;0,096360447;107,1913058;8,260140725;1,61;0,114;0,32;4,142;0,101386759;0,373;0,389;0,199;5,031;0,7057;0,1078
20um-1-14;20um;> 20 µm;20um-1-14;G107;13;T1;411;10;2;11/06/2016;163;-59,3;68,5;-19;UI;100;0,3;Zymo;657;53289;37620;2479;40099;109;1127200;-1,7;1,2;1,8;32,9;15;0;2,495402112;55,09695746;4,588649066;19,84891357;562,4117785;221,6561363;72,56009383;72,38014403;14,01379792;26,44799369;0,959540604;3,72103751;0,155650476;111,4924732;9,366105524;1,706;0,063;0,325;3,689;0,083483531;0,373;0,462;0,191;5,249;1,845;0,3019
20um-1-15;20um;> 20 µm;20um-1-15;G107;13;T1;411;15;3;11/06/2016;163;-59,3;68,5;-19;UI;100;0,8;Zymo;1172;75426;38563;2182;40745;182;1029986;-1,7;1,5;1,7;33,2;15;0;2,495402112;30,84986059;3,618967493;14,59459152;203,8920949;212,0636154;13,39155936;50,60969262;11,71576058;20,77501667;1,082417848;2,933459516;0,261938893;109,9810509;17,69203488;2,559;0,061;0,388;3,992;0,122792792;0,314;0,641;0,152;6,595;1,5548;0,3373
20um-1-16;20um;> 20 µm;20um-1-16;G107;13;T1;411;23;4;11/06/2016;163;-59,3;68,5;-19;UI;100;0,2;Zymo;32;17944;26865;891;27756;42;660429;-1,7;0,8;1,9;33,6;15;0;2,495402112;10,00917326;0,507296301;5,494463382;44,89322209;101,0723485;17,66610641;19,74350526;7,467307007;9,666717289;4,374434075;1,493387244;0,272772708;113,904951;14,95421638;5,853;0,071;0,629;5,93;0,125127996;0,413;0,987;0,107;9,305;0,946;0,4122
20um-1-17;20um;> 20 µm;20um-1-17;G107;13;T1;411;29;5;11/06/2016;163;-59,3;68,5;-19;UI;100;0,2;Zymo;92;34529;13922;771;14693;10;529986;-1,7;0,8;1,9;33,6;15;0;2,495402112;2,570913311;0,386589396;2,277146217;16,73255307;34,35857131;6,245381307;6,149408993;4,738862133;5,62319696;0,948991922;0,818668979;0,227584779;99,26903306;11,45714973;6,705;0,07;0,732;6,85;0,109949172;0,831;0,979;0,109;9,16;0,7525;0,3366
20um-1-18;20um;> 20 µm;20um-1-18;G107;13;T1;411;33;6;11/06/2016;163;-59,3;68,5;-19;UI;100;0,1;Zymo;25;19715;9885;875;10760;36;456829;-1,7;0,5;1,9;33,7;15;0;2,495402112;2,216851414;2,216851414;3,42106057;19,32238926;31,90178958;0;6,078561853;5,105755067;4,415311354;0,638108909;0,812397829;0,231454877;99,04003881;8,327970431;7,029;0,085;0,748;7,104;0,115397981;0,433;0,989;0,106;9,397;;
20um-1-19;20um;> 20 µm;20um-1-19;G110;18;T1;1450;0;1;12/06/2016;164;-60,1;68,5;-25;UI;100;0,3;Zymo;1319;7392;2990;1589;4579;125;389779;-1,6;0,2;2,1;33,4;24;0;3,050623564;11,03062642;1,159246986;16,34238984;155,709383;57,77344648;4,895779972;35,88858684;5,275641135;9,526346982;1,829911079;1,728376349;0,1395218;99,67652263;13,77344574;5,022;0,1;0,596;6,036;0,187907541;0,453;0,832;0,119;8,426;0,851;0,0886
20um-1-20;20um;> 20 µm;20um-1-20;G110;18;T1;1450;12;2;12/06/2016;164;-60,1;68,5;-25;UI;100;0,1;Zymo;24;16017;2813;1760;4573;115;370397;-1,7;0,2;2,1;33,4;24;0;3,050623564;8,269808003;2,027872164;5,741515248;129,3744537;33,49343508;22,18618275;28,66060932;8,432022841;7,312563616;2,608945717;1,334245226;0,090031031;110,5115852;16,97580547;5,233;0,052;0,652;6,055;0,349293596;0,453;0,864;0,125;8,026;0,8082;0,0803
20um-1-21;20um;> 20 µm;20um-1-21;G110;18;T1;1450;20;3;12/06/2016;164;-60,1;68,5;-25;UI;100;0,2;Zymo;36;35245;3339;1620;4959;104;352441;-1,7;0,3;2;33,5;24;0;3,050623564;7,708670826;0,669562341;6,273249985;143,5722147;59,13327691;30,27203177;23,76961196;6,640509286;9,543567296;1,414276749;1,452782198;0,064635597;105,4068218;22,71828202;5,665;0,051;0,722;6,282;0,161574151;0,533;0,902;0,127;7,846;0,6134;0,0617
20um-1-22;20um;> 20 µm;20um-1-22;G110;18;T1;1450;32;4;12/06/2016;164;-60,1;68,5;-25;UI;100;0,1;Zymo;38;14341;2250;1474;3724;52;330132;-1,7;0,4;2,2;33,6;24;0;3,050623564;1,850231179;0,22710603;2,122530524;138,2893479;21,29629199;40,15359867;13,61013377;4,59622909;5,560186073;0,413769562;0,958241154;0,144916941;100,7689238;5,5118985;6,762;0,051;0,787;7,438;0,043826283;0,493;0,909;0,116;8,592;0,4198;0,0504
20um-1-23;20um;> 20 µm;20um-1-23;G110;18;T1;1450;40;5;12/06/2016;164;-60,1;68,5;-25;UI;100;0,1;Zymo;29;17156;2135;1448;3583;16;327132;-1,7;0,5;2,2;33,6;24;0;3,050623564;1,007659309;0,13820887;0,147902548;126,8590536;19,36415279;29,41067243;18,44566266;4,416263831;3,78598843;1,228229202;0,786469519;0,095816943;105,4168812;5,408891981;6,857;0,056;0,808;7,725;0,038935797;1,169;0,888;0,118;8,486;0,2335;0,0308
20um-1-24;20um;> 20 µm;20um-1-24;G110;18;T1;1450;45;6;12/06/2016;164;-60,1;68,5;-25;UI;100;0,1;Zymo;24;22618;1302;781;2083;21;301500;-1,7;0,4;2,2;33,6;24;0;3,050623564;;;;;;;;;;;;;100,5356902;7,361009674;7,577;0,046;0,869;8,65;0,012226216;0,433;0,876;0,115;8,719;;
20um-1-25;20um;> 20 µm;20um-1-25;G115;25;T1;1734;0;1;13/06/2016;165;-61,4;68,4;-27;UI;93,43999481;0,1;Zymo;104;23300;1237;1672;2909;59;395059;-1,5;0,2;2,3;32,4;12;0;6,69882826;7,706012119;0,823936483;7,324019368;313,0709881;60,21217878;384,9210055;27,18515845;7,14836114;8,240442936;1,055020058;1,289217489;0,102228168;98,08866695;23,2116215;3,945;0,043;0,905;8,061;0,220978648;0,692;0,489;0,229;4,359;0,337;0,0463
20um-1-26;20um;> 20 µm;20um-1-26;G115;25;T1;1734;15;2;13/06/2016;165;-61,4;68,4;-27;UI;93,43999481;0,2;Zymo;43;22310;726;1371;2097;38;365162;-1,6;0,3;2,3;32,8;12;0;6,69882826;5,777684235;0,447373683;21,78072909;212,5370338;21,25861086;50,79069011;16,88975133;9,263807752;6,419540181;0,315147158;0,9330474;0,167139186;92,72517039;13,42832762;4,98;0,059;0,988;9,512;0,4454961;0,692;0,524;0,198;5,04;0,4212;0,0387
20um-1-27;20um;> 20 µm;20um-1-27;G115;25;T1;1734;25;3;13/06/2016;165;-61,4;68,4;-27;UI;93,43999481;0,1;Zymo;28;17267;301;1151;1452;0;304235;-1,6;0,3;2,5;33;12;0;6,69882826;3,49383774;0,279778244;16,22373019;259,568587;18,14975043;74,38994143;25,91298298;5,663402493;5,135102714;0,212350705;0,698378501;0,076957358;86,82520854;30,58136816;5,873;0,075;1,007;10,451;0,277992712;1,209;0,562;0,171;5,832;;
20um-1-29;20um;> 20 µm;20um-1-29;G115;25;T1;1734;49;4;13/06/2016;165;-61,4;68,4;-27;UI;93,43999481;0,1;Zymo;5994;17800;22;43;65;0;126191;-1,4;0;2,9;33,3;12;0;6,69882826;0,151395049;0,028578244;2,950031149;107,610222;3,346433098;83,52912857;5,568781832;7,608330399;3,009193694;0,149059526;0,43704646;0,15616733;68,83479947;16,27912023;9,136;0,015;1,152;14,278;0,007470808;0,712;0,64;0,126;7,931;0,0356;0,0018
20um-2-01;20um;> 20 µm;20um-2-01;G201;29;T2;1354;0;1;14/06/2016;166;-59,9;68,6;-21;UI;98,62999725;0,2;Zymo;13;20400;9802;818;10620;68;585044;-1,5;0,1;2,1;33,3;24;1;8,417219486;12,05148927;1,111848347;22,95260091;91,06024657;117,538669;66,52044468;NA;8,21215676;11,92424754;1,311802621;1,838531329;8,62E-04;101,5892617;13,76306892;5,146;0,051;0,681;6,511;0,203702768;NA;0,79;0,132;7,557;0,7445;0,1197
20um-2-02;20um;> 20 µm;20um-2-02;G201;29;T2;1354;15;2;14/06/2016;166;-59,9;68,6;-21;UI;98,62999725;0,7;Zymo;6713;15664;7630;990;8620;68;516529;-1,6;0,3;2;33,4;24;1;8,417219486;6,926631284;1,860589757;9,710299761;39,41073563;68,33141882;46,2552467;NA;3,599264449;9,48976154;0,086703268;1,347704346;0,039223962;NA;NA;5,39;0,055;0,76;6,901;0,216434191;NA;0,781;0,141;7,092;;
20um-2-03;20um;> 20 µm;20um-2-03;G201;29;T2;1354;17;3;14/06/2016;166;-59,9;68,6;-21;UI;98,62999725;0,2;Zymo;38;16964;5490;891;6381;83;526147;-1,7;0,3;2,1;33,4;24;1;8,417219486;;;;;;;;;;;;;;;5,344;0,052;0,766;6,718;;;0,795;0,143;6,977;;
20um-2-04;20um;> 20 µm;20um-2-04;G201;29;T2;1354;21;4;14/06/2016;166;-59,9;68,6;-21;UI;98,62999725;0,2;Zymo;5069;8883;7432;875;8307;57;495324;-1,7;0,4;2,1;33,4;24;1;8,417219486;5,903797554;0,481741966;12,27747798;46,2482933;58,25198812;42,99338601;NA;9,971101105;8,689522763;0,806087185;1,131918081;0,098192654;112,0083858;17,67624523;5,439;0,047;0,784;6,849;0,202159565;NA;0,794;0,144;6,938;0,7119;0,1204
20um-2-05;20um;> 20 µm;20um-2-05;G201;29;T2;1354;25;5;14/06/2016;166;-59,9;68,6;-21;UI;98,62999725;0,2;Zymo;14;17088;8068;786;8854;89;489426;-1,7;0,5;2,1;33,5;24;1;8,417219486;;;;;;;;;;;;;NA;NA;5,463;0,043;0,778;6,932;NA;NA;0,788;0,142;7,022;;
20um-2-06;20um;> 20 µm;20um-2-06;G201;29;T2;1354;32;6;14/06/2016;166;-59,9;68,6;-21;UI;98,62999725;0,2;Zymo;14;22060;5078;1005;6083;99;440824;-1,7;0,4;2,1;33,5;24;1;8,417219486;1,523794009;0,568519204;7,57586022;21,25365853;39,49278671;41,18104553;NA;8,705197197;6,793056171;0,20999553;0,912750092;0,07041221;103,8466933;13,45473754;5,691;0,041;0,778;7,155;0,167437503;NA;0,795;0,137;7,315;0,5411;0,0655
20um-2-07;20um;> 20 µm;20um-2-07;G204;34;T2;549;0;1;15/06/2016;167;-59,3;68,7;-14;UI;92,66999817;2,8;Zymo;197;16854;14289;4883;19172;39;2259417;-1,5;1;1,9;32,5;9;7;15,46969002;88,12898489;2,974917074;69,0755273;126,8412239;405,437885;44,73126707;122,5648301;28,6867219;44,38293329;3,973683325;4,20714389;0,439741685;180,0085595;8,941347373;0,083;0,015;0,166;1,375;1,375;0,413;0,06;2;0,5;2,4849;0,0975
20um-2-08;20um;> 20 µm;20um-2-08;G204;34;T2;549;13;2;15/06/2016;167;-59,3;68,7;-14;UI;92,66999817;0,6;Zymo;280;15243;9322;3489;12811;72;1648983;-1,6;2,6;1,9;33;9;7;15,46969002;55,01395853;3,969757987;64,27759269;622,503965;347,7605706;30,39322969;123,8405334;47,03419994;28,1625593;1,08101023;4,029399338;0,167225494;133,8979632;11,26723798;1,85;0,038;0,397;3,14;3,14;1,845;0,589;0,215;4,66;2,1914;0,0972
20um-2-09;20um;> 20 µm;20um-2-09;G204;34;T2;549;20;3;15/06/2016;167;-59,3;68,7;-14;UI;92,66999817;0,2;Zymo;342;11403;11372;1200;12572;17;1158300;-1,6;0,8;2;33,5;9;7;15,46969002;11,68514332;0,681595071;40,69337815;193,7524348;157,4145268;9,8370686;17,37249517;13,74135638;11,32895734;1,088501238;1,573676557;0,11650081;121,6437791;6,991808067;4,442;0,06;0,571;5,24;5,24;0,453;0,848;0,129;7,779;1,1879;0,1567
20um-2-10;20um;> 20 µm;20um-2-10;G204;34;T2;549;29;4;15/06/2016;167;-59,3;68,7;-14;UI;92,66999817;0,2;Zymo;52;16091;11133;450;11583;0;732550;-1,7;0,5;2;33,6;9;7;15,46969002;1,306276918;1,055386335;10,05484125;171,8317032;31,4472674;15,01967406;5,049105649;16,50679261;6,006380159;0,770045746;0,63752353;0,15176239;133,1994533;5,831954455;6,343;0,076;0,726;7,685;7,685;0,453;0,825;0,114;8,737;0,6884;0,2823
20um-2-11;20um;> 20 µm;20um-2-11;G204;34;T2;549;39;5;15/06/2016;167;-59,3;68,7;-14;UI;92,66999817;0,1;Zymo;59;15195;5206;522;5728;0;484650;-1,7;0,3;2,1;33,7;9;7;15,46969002;0,711142289;0,711142289;4,603158677;257,2489846;10,34229575;5,087067246;7,15098013;23,59391526;6,331530929;1,775031545;0,615281197;0,109642477;97,55341942;7,65528973;7,04;0,084;0,793;7,577;7,577;0,433;0,929;0,113;8,878;0,3431;0,0756
20um-2-12;20um;> 20 µm;20um-2-12;G204;34;T2;549;50;6;15/06/2016;167;-59,3;68,7;-14;UI;92,66999817;0,2;Zymo;36;4961;1683;450;2133;0;307417;-1,6;0,2;2,1;33,7;9;7;15,46969002;;;;;;;;;;;;;;;;;;;;;;;;;
20um-2-13;20um;> 20 µm;20um-2-13;G207;40;T2;322;0;1;16/06/2016;168;-58,5;68,8;2;MIZ;41,02999878;0,5;Zymo;1048;25803;14877;2518;17395;0;1815030;-0,3;0,9;1,8;33;7;20;19,59633845;14,41313098;1,008963408;13,45290383;197,5659169;173,5137436;34,36203846;135,0239521;2,367539307;24,13674357;2,278553622;2,558781864;0,084394952;181,5554581;37,11869856;0,181;0,06;0,096;3,809;0,413;0,413;0,048;0,53;1,885;1,5686;0,0991
20um-2-14;20um;> 20 µm;20um-2-14;G207;40;T2;322;15;2;16/06/2016;168;-58,5;68,8;2;MIZ;41,02999878;0,1;Zymo;1730;32018;16118;10749;26867;0;1565136;-0,7;3,5;1,9;33,2;7;20;19,59633845;33,30969872;4,972836298;46,56106516;125,1413216;704,2269945;67,2971873;165,188448;10,83995807;46,45063099;2,693793234;5,376178943;0,031391447;123,9206876;20,27278367;0,272;0,035;0,202;3,458;0,652;0,652;0,079;0,743;1,347;3,5095;0,1208
20um-2-15;20um;> 20 µm;20um-2-15;G207;40;T2;322;19;3;16/06/2016;168;-58,5;68,8;2;MIZ;41,02999878;1,3;Zymo;1142;20875;11703;7379;19082;0;1087682;-1,5;6,1;2;33,6;7;20;19,59633845;23,41984082;1,884063714;55,86023204;110,7423681;671,0622663;80,12633332;122,4804958;8,774546697;48,75536934;4,732606574;5,494023899;0,281025474;134,0821433;26,8561777;0,05;0;0,22;2,615;0,373;0,373;0,019;4,4;0,227;3,0424;0,1164
20um-2-16;20um;> 20 µm;20um-2-16;G207;40;T2;322;29;4;16/06/2016;168;-58,5;68,8;2;MIZ;41,02999878;0,4;Zymo;1464;68076;8610;1415;10025;0;658939;-1,7;0,8;1,9;33,7;7;20;19,59633845;3,478754778;3,478754778;49,57354736;54,01326985;80,99456576;79,18105193;17,87257554;13,0136314;10,72608824;0,803599939;1,542175696;0,24955316;;;5,856;0,11;0,574;5,488;;;1,067;0,098;10,202;0,6447;0,1873
20um-2-17;20um;> 20 µm;20um-2-17;G207;40;T2;322;37;5;16/06/2016;168;-58,5;68,8;2;MIZ;41,02999878;0,2;Zymo;428;6349;6974;662;7636;0;530485;-1,7;0,7;2;33,7;7;20;19,59633845;;;;;;;;;;;;;;;;;;;;;;;;0,4881;0,1821
20um-2-18;20um;> 20 µm;20um-2-18;G207;40;T2;322;50;6;16/06/2016;168;-58,5;68,8;2;MIZ;41,02999878;0,1;Zymo;267;41718;1379;241;1620;0;323591;-1,6;0,2;2;33,8;7;20;19,59633845;;;;;;;;;;;;;;;;;;;;;;;;0,1374;0,0267
20um-3-01;20um;> 20 µm;20um-3-01;G300;49;T3;196;0;1;17/06/2016;169;-56,8;69;26;OW;0;0,7;Zymo;17;7538;714;450;1164;0;1017000;1,3;0,1;2;33,8;42;31;18,82558791;4,535649287;0,431111363;5,459112333;63,17106685;239,7543198;19,33766594;139,8414885;1,481350321;22,40306536;2,166143974;2,193590849;0,500476097;154,2013502;6,398727808;0;0;0,194;1,715;0,314;0,314;0;;0;0,229;NA
20um-3-02;20um;> 20 µm;20um-3-02;G300;49;T3;196;15;2;17/06/2016;169;-56,8;69;26;OW;0;0,7;Zymo;18;12535;905;429;1334;0;1025061;1,2;0,1;2,1;33,8;42;31;18,82558791;;;;;;;;;;;;;;;;;;;;;;;;0,269;NA
20um-3-03;20um;> 20 µm;20um-3-03;G300;49;T3;196;26;3;17/06/2016;169;-56,8;69;26;OW;0;0,7;Zymo;36;14220;614;354;968;0;1006894;1,2;0,2;2;33,8;42;31;18,82558791;3,467792497;0,238470366;7,282774757;55,4668552;162,9613377;13,97232592;115,3244688;1,347839839;23,34567032;1,816763004;2,566991602;0,319476312;174,0357353;17,12373865;0;0;0,214;1,537;0,314;0,314;0;;0;;
20um-3-04;20um;> 20 µm;20um-3-04;G300;49;T3;196;47;4;17/06/2016;169;-56,8;69;26;OW;0;0,2;Zymo;500;21896;0;1048;1048;0;528409;-0,8;1,8;2,1;33,8;42;31;18,82558791;3,839199017;0,720515486;36,86287649;89,55865002;100,3356901;25,90633982;26,10571474;6,201303872;18,40272882;1,372672826;2,165858909;0,273579497;158,2016868;17,37793109;1,7;0,058;0,419;3,077;0,433;0,433;0,552;0,246;4,057;2,3548;NA
20um-3-05;20um;> 20 µm;20um-3-05;G300;49;T3;196;64;5;17/06/2016;169;-56,8;69;26;OW;0;1,7;Zymo;528;13960;0;3921;3921;0;794939;-0,8;1,9;2,1;34;42;31;18,82558791;0,505662382;0,084803228;72,17925544;65,4366465;78,40069837;98,23142426;16,59748415;18,23378614;19,80896426;2,338658749;2,31647546;0,262734725;312,6228769;22,16977261;9,006;0,161;0,905;5,642;0,513;0,513;1,596;0,1;9,951;;
20um-3-06;20um;> 20 µm;20um-3-06;G300;49;T3;196;75;6;17/06/2016;169;-56,8;69;26;OW;0;1,5;Zymo;1939;43649;0;3386;3386;0;925576;-0,5;1,7;2,2;34;42;31;18,82558791;;;;;;;;;;;;;;;;;;;;;;;;;
20um-3-07;20um;> 20 µm;20um-3-07;G309;58;T3;343;0;1;18/06/2016;170;-58,7;69;2;MIZ;0;0,4;Zymo;130;10072;;;0;;;-0,6;0,8;1,8;33,1;12;19;20,20734562;28,36983978;1,586452769;72,55834171;190,6228746;448,971864;67,65133991;186,5038209;6,304798694;27,17675694;0,839914842;3,216514652;0,225361916;10,22182519;19,26632182;0,026;0,046;0,086;1,702;0,09850693;0,652;0,015;3,308;0,302;0,7775;0,0419
20um-3-08;20um;> 20 µm;20um-3-08;G309;58;T3;343;13;2;18/06/2016;170;-58,7;69;2;MIZ;0;0,5;Zymo;189;18861;;;0;;;-0,6;1,7;1,9;33,1;12;19;20,20734562;11,98883522;2,552836951;101,6021459;164,0469837;396,8610399;70,09087629;141,9735999;8,687791468;26,52101821;3,703950379;3,021170702;0,269402066;197,8704745;13,05642678;0,021;0,012;0,075;1,076;0,029607943;0,652;0,02;3,571;0,28;;
20um-3-09;20um;> 20 µm;20um-3-09;G309;58;T3;343;15;3;18/06/2016;170;-58,7;69;2;MIZ;0;0,4;Zymo;211;10272;;;0;;;-0,6;2,2;1,9;33,1;12;19;20,20734562;9,559871237;0,616807534;115,1147192;245,8677377;501,2984788;77,08223864;165,1853308;13,65846957;28,99589779;3,706708742;3,059403126;0,29942658;232,7941771;16,04430721;0,028;0,022;0,077;1,251;0,16703349;0,712;0,022;2,75;0,364;2,1307;0,0783
20um-3-10;20um;> 20 µm;20um-3-10;G309;58;T3;343;20;4;18/06/2016;170;-58,7;69;2;MIZ;0;1,5;Zymo;1023;66278;;;0;;;-0,9;4,8;2;33,4;12;19;20,20734562;12,58286637;3,124814537;NA;288,3709584;NA;NA;65,47500118;NA;39,27067801;1,359156767;5,410240201;0,47705635;185,1208147;5,973211229;0,758;0,031;0,27;3,007;0,017317853;0,99;0,252;0,356;2,807;2,8827;0,0951
20um-3-11;20um;> 20 µm;20um-3-11;G309;58;T3;343;38;5;18/06/2016;170;-58,7;69;2;MIZ;0;0,1;Zymo;305;27106;;;0;;;-1,7;0,5;2;33,7;12;19;20,20734562;;;;;;;;;;;;;;;;;;;;;;;;0,4724;0,0501
20um-3-12;20um;> 20 µm;20um-3-12;G309;58;T3;343;50;6;18/06/2016;170;-58,7;69;2;MIZ;0;0,3;Zymo;81;7966;;;0;;;-1,7;0,2;2;33,8;12;19;20,20734562;;;;;;;;;;;;;;;;;;;;;;;;;
20um-3-13;20um;> 20 µm;20um-3-13;G312;66;T3;1395;0;1;19/06/2016;171;-59,6;69;-10;MIZ;100;0,2;Zymo;75;20082;4751;582;5333;100;1361971;-1,6;0,2;1,8;32,6;11;0;2,179350584;15,94564669;1,222693557;123,6704971;102,9169392;277,0045728;164,8886071;15,46134574;10,38249625;14,34687698;2,136540418;2,33201502;0,290040277;NA;13,77464885;1,742;0,052;0,447;4,04;0,77165589;0,791;0,431;0,257;3,897;0,7136;0,1122
20um-3-14;20um;> 20 µm;20um-3-14;G312;66;T3;1395;11;2;19/06/2016;171;-59,6;69;-10;MIZ;100;0,2;Zymo;76;14621;6264;542;6806;104;1196800;-1,6;0,2;1,9;32,7;11;0;2,179350584;12,23762696;2,410585663;152,8720548;73,52747632;228,8371968;178,8926875;14,84896066;5,775271002;13,15733606;0,674309753;2,085235567;0,131220892;82,41681826;6,782195947;2,711;0,057;0,547;4,919;0,632944633;0,791;0,551;0,202;4,956;1,0721;0,1386
20um-3-15;20um;> 20 µm;20um-3-15;G312;66;T3;1395;18;3;19/06/2016;171;-59,6;69;-10;MIZ;100;0,4;Zymo;599;23232;10020;1701;11721;80;1135100;-1,6;1,4;1,9;33,2;11;0;2,179350584;21,77728668;2,987093655;163,8062326;167,3073086;239,540217;164,8095042;17,14514635;18,03826496;16,13537509;0,845117335;2,579053478;0,131907106;137,6143514;4,95435812;3,509;0,056;0,619;5,991;0,300276088;0,433;0,586;0,176;5,669;1,0345;0,1366
20um-3-16;20um;> 20 µm;20um-3-16;G312;66;T3;1395;28;4;19/06/2016;171;-59,6;69;-10;MIZ;100;0,3;Zymo;158;8838;6602;930;7532;15;671114;-1,6;1,3;2;33,5;11;0;2,179350584;5,680734937;1,097750921;144,8071808;23,79764079;85,93176687;152,9252732;8,986165146;12,03263365;8,240686067;0,66686072;1,341723383;0,107293518;149,6644385;6,591794435;5,963;0,066;0,804;8,022;0,221580303;0,393;0,743;0,135;7,417;0,6876;0,1063
20um-3-17;20um;> 20 µm;20um-3-17;G312;66;T3;1395;35;5;19/06/2016;171;-59,6;69;-10;MIZ;100;0,1;Zymo;740;35529;3408;642;4050;0;445386;-1,6;0,6;2,2;33,6;11;0;2,179350584;1,800992937;0,318857989;139,8608139;9,385622082;32,82098844;129,5466065;5,014105261;5,685451386;5,055177694;0,67229855;0,83494618;0,138796729;115,4513647;5,565558359;7,133;0,071;0,87;8,56;0,31537932;0,433;0,833;0,122;8,199;0,4584;0,0718
20um-3-18;20um;> 20 µm;20um-3-18;G312;66;T3;1395;54;6;19/06/2016;171;-59,6;69;-10;MIZ;100;0,2;Zymo;167;45507;1597;507;2104;0;331314;-1,7;0,3;2,1;33,7;11;0;2,179350584;;;;;;;;;;;;;;;;;;;;;;;;;
20um-3-19;20um;> 20 µm;20um-3-19;G318;73;T3;1775;0;1;20/06/2016;172;-61;69;-15;UI;98,87999725;0,2;Zymo;1318;10046;2216;2735;4951;137;300294;-1,5;0,3;2;33,2;9;0;6,772966238;16,75490825;1,072936413;123,1726766;88,51744221;41,43161731;93,76803788;20,10236762;4,064044459;12,99262331;1,048735118;2,129367432;0,249564131;151,1455982;15,16146904;5,164;0,1;0,676;6,86;0,25565789;1,905;0,753;0,131;7,639;1,0924;0,1744
20um-3-20;20um;> 20 µm;20um-3-20;G318;73;T3;1775;12;2;20/06/2016;172;-61;69;-15;UI;98,87999725;0,1;Zymo;34;19326;1157;2598;3755;142;283544;-1,6;0,4;2;33,5;9;0;6,772966238;11,61354608;0,844233127;188,2959808;65,8475488;178,7674405;78,95861773;60,44138976;19,10480974;9,303168691;0,454070547;1,874522298;0,256455852;150,6796548;14,30728762;5,605;0,052;0,753;6,275;0,241138562;1,905;0,893;0,134;7,444;0,9073;0,0491
20um-3-21;20um;> 20 µm;20um-3-21;G318;73;T3;1775;19;3;20/06/2016;172;-61;69;-15;UI;98,87999725;0,1;Zymo;60;35184;662;1838;2500;49;247132;-1,7;0,6;2,1;33,6;9;0;6,772966238;7,408897761;0,647406543;68,06974304;46,80142779;40,2064836;37,34631445;16,26251862;1,236354643;6,976989081;0,776405279;1,475822121;0,18804527;92,75256326;29,29455872;6,403;0,06;0,84;7,489;0,16265571;0,692;0,855;0,131;7,623;0,7178;0,0415
20um-3-22;20um;> 20 µm;20um-3-22;G318;73;T3;1775;30;4;20/06/2016;172;-61;69;-15;UI;98,87999725;0,1;Zymo;44;35610;221;838;1059;15;220779;-1,7;0,2;2,3;33,7;9;0;6,772966238;1,279688116;0,032512991;35,57925534;9,39595852;30,78289564;4,877638655;7,610407791;1,307577112;2,399819879;1,010077546;1,03204944;0,247958577;138,8837126;25,81426502;8,513;0,084;0,965;9,514;0,026095548;0,473;0,895;0,113;8,822;0,1926;0,0154
20um-3-23;20um;> 20 µm;20um-3-23;G318;73;T3;1775;43;5;20/06/2016;172;-61;69;-15;UI;98,87999725;0,1;Zymo;29;23587;240;809;1049;0;238397;-1,7;0,1;2,2;33,7;9;0;6,772966238;0,563460541;0,093541414;47,98102891;5,344558708;48,24724985;4,287241018;7,95822518;7,149885964;2,230486313;0,829332539;0,655444459;0,168967914;101,654464;5,403099913;8,568;0,052;0,927;8,643;0,019424506;1,01;0,991;0,108;9,243;;
20um-3-24;20um;> 20 µm;20um-3-24;G318;73;T3;1775;59;6;20/06/2016;172;-61;69;-15;UI;98,87999725;0,1;Zymo;12;22524;0;926;926;0;232647;-1,7;0,2;2,1;33,8;9;0;6,772966238;0,051894104;0,051894104;54,91518921;3,744153824;54,78874637;1,96583008;3,334226817;8,604527311;2,547895556;0,635806505;0,574261848;0,11344498;117,9586469;5,025269247;8,674;0,047;0,918;8,384;0,024918305;0,692;1,035;0,106;9,449;0,0749;0,0108
20um-3-25;20um;> 20 µm;20um-3-25;G324;81;T3;1890;0;1;21/06/2016;173;-62,3;69;-23;UI;100;0,3;Zymo;66;18017;2808;2869;5677;146;555563;-1,6;0,2;2,4;32,5;10;0;3,188040945;14,83211612;0,575628524;104,9322799;118,958698;47,35453905;73,20680683;28,15559351;2,827353528;11,81993994;1,049442427;2,034112222;0,169271745;133,6189906;5,584325931;4,114;0,082;0,892;9,875;0,194001555;0,513;0,417;0,217;4,612;0,8836;0,1529
20um-3-26;20um;> 20 µm;20um-3-26;G324;81;T3;1890;12;2;21/06/2016;173;-62,3;69;-23;UI;100;0,2;Zymo;224;16224;3722;1929;5651;131;504484;-1,6;0,6;2,4;32,8;10;0;3,188040945;12,05511168;0,073602467;71,33684721;53,01450593;47,20885006;52,44416363;17,44524679;2,828052159;11,1878607;0,724056874;2,170632256;0,263725172;132,1733708;5,455805897;4,13;0,058;0,897;8,197;0,23524598;0,513;0,504;0,217;4,604;0,8879;0,1449
20um-3-27;20um;> 20 µm;20um-3-27;G324;81;T3;1890;20;3;21/06/2016;173;-62,3;69;-23;UI;100;0,1;Zymo;212;10797;4449;1490;5939;76;523625;-1,6;0,7;2,5;33;10;0;3,188040945;8,515803717;0,205797225;78,91111847;37,92008345;37,39470655;49,23244456;13,84691874;0,519610381;7,835241606;0,282739017;1,546227058;0,377418875;96,04970874;6,56023765;4,366;0,058;0,886;7,674;0,240974372;0,393;0,569;0,203;4,928;0,7565;0,1261
20um-3-28;20um;> 20 µm;20um-3-28;G324;81;T3;1890;31;4;21/06/2016;173;-62,3;69;-23;UI;100;0,1;Zymo;74;17539;3672;1298;4970;25;385953;-1,6;0,6;2,5;33,1;10;0;3,188040945;4,227047874;0,116535653;26,10269803;14,89175868;9,936008425;27,00197413;11,3404713;1,747194145;5,719181458;0,1661096;1,241570522;0,376071706;116,86506;5,141867631;5,362;0,069;0,939;8,46;0,218442696;0,552;0,634;0,175;5,71;0,6684;0,1063
20um-3-29;20um;> 20 µm;20um-3-29;G324;81;T3;1890;39;5;21/06/2016;173;-62,3;69;-23;UI;100;0,1;Zymo;54;31353;3934;1141;5075;40;286047;-1,6;0,6;2,5;33,4;10;0;3,188040945;1,703425342;0,287857691;50,2031394;5,964160241;35,52483974;10,73375957;5,548968115;2,713445066;4,896118184;0,115903046;1,000663138;0,302889314;119,7658222;5,362814847;6,446;0,079;0,968;9,325;0,115331633;0,751;0,691;0,15;6,659;0,5629;0,0996
20um-3-30;20um;> 20 µm;20um-3-30;G324;81;T3;1890;60;6;21/06/2016;173;-62,3;69;-23;UI;100;0,1;Zymo;51;61894;449;354;803;15;185094;-1,7;0,2;2,6;33,6;10;0;3,188040945;;;;;;;;;;;;;;;;;;;;;;;;;
20um-5-01;20um;> 20 µm;20um-5-01;G507;124;T5;293;0;1;30/06/2016;182;-59,1;70;3;MIZ;0;5,7;Zymo;170;37301;22182;1198;23380;0;1999516;-0,1;0,4;1,9;32,2;8;14;14,33051987;;;;;;;;;;;;;;;0,155;0;0,188;0,564;;;0,275;1,213;0,824;3,9619;0,1916
20um-5-02;20um;> 20 µm;20um-5-02;G507;124;T5;293;5;2;30/06/2016;182;-59,1;70;3;MIZ;0;5,9;Zymo;77;21103;20281;1948;22229;0;2517094;-0,2;1,1;1,8;32,2;8;14;14,33051987;;;;;;;;;;;;;;;0,421;0,001;0,318;0,874;;;0,482;0,755;1,324;3,1549;0,1531
20um-5-02rep;20um;> 20 µm;20um-5-02rep;G507;124;T5;293;5;2;30/06/2016;182;-59,1;70;3;MIZ;0;5,9;Zymo;54;33573;20281;1948;22229;0;2517094;-0,2;1,1;1,8;32,2;8;14;14,33051987;;;;;;;;;;;;;;;0,421;0,001;0,318;0,874;;;0,482;0,755;1,324;3,1549;0,1531
20um-5-03;20um;> 20 µm;20um-5-03;G507;124;T5;293;12;3;30/06/2016;182;-59,1;70;3;MIZ;0;1,7;Zymo;214;11903;20469;1651;22120;0;2893129;-1,5;2,5;1,9;33,1;8;14;14,33051987;;;;;;;;;;;;;;;1,187;0,028;0,378;1,191;;;0,997;0,318;3,14;;
20um-5-04;20um;> 20 µm;20um-5-04;G507;124;T5;293;20;4;30/06/2016;182;-59,1;70;3;MIZ;0;1,4;Zymo;593;26860;9984;1083;11067;0;1856274;-1,6;1,2;2;33,5;8;14;14,33051987;;;;;;;;;;;;;;;4,306;0,065;0,556;2,488;;;1,731;0,129;7,745;1,8383;0,1997
20um-5-05;20um;> 20 µm;20um-5-05;G507;124;T5;293;30;5;30/06/2016;182;-59,1;70;3;MIZ;0;0,4;Zymo;221;17124;7026;573;7599;0;1345306;-1,7;0,4;2,1;33,7;8;14;14,33051987;;;;;;;;;;;;;;;5,582;0,085;0,642;3,543;;;1,576;0,115;8,695;0,8381;0,0743
20um-5-06;20um;> 20 µm;20um-5-06;G507;124;T5;293;50;6;30/06/2016;182;-59,1;70;3;MIZ;0;0,5;Zymo;181;19691;984;292;1276;0;507306;-1,7;0,1;2,1;33,8;8;14;14,33051987;;;;;;;;;;;;;;;8,045;0,154;0,772;5,83;;;1,38;0,096;10,421;0,2197;0,0101
20um-5-07;20um;> 20 µm;20um-5-07;G512;135;T5;541;0;1;01/07/2016;183;-60,4;70;2;MIZ;0;2,5;Zymo;168;37881;16510;2793;19303;0;2204730;-0,8;0,1;1,6;31,8;5;15;21,89875913;16,73246833;9,789526478;14,37855247;59,45004083;145,2694111;11,45399516;101,4230029;1,040313948;44,33079979;4,299987059;4,28862105;0,279624582;114,1032982;8,282611629;0,007;0,003;0,175;1,452;0,028968577;0,296;0,005;25;0,04;1,2125;0,0602
20um-5-08;20um;> 20 µm;20um-5-08;G512;135;T5;541;5;2;01/07/2016;183;-60,4;70;2;MIZ;0;4,1;Zymo;1142;51498;11045;8111;19156;0;2112900;-0,9;0,1;1,8;32,3;5;15;21,89875913;25,17950518;12,76274281;10,35410039;25,98712191;73,47128306;2,902947701;43,01946078;0,675805066;46,43273077;3,199044978;4,339514498;0,06786493;165,7817491;10,97354766;0,062;0,002;0,294;1,894;0,00861228;0,296;0,033;4,742;0,211;1,3275;0,0761
20um-5-09;20um;> 20 µm;20um-5-09;G512;135;T5;541;10;3;01/07/2016;183;-60,4;70;2;MIZ;0;4;Zymo;362;16149;12965;6798;19763;0;2158240;-1,3;0,4;2;33,1;5;15;21,89875913;14,54356271;5,393978799;4,618102234;75,30871146;100,3739383;8,110991939;44,6804146;0,964839878;40,61543502;2,778656487;3,975679725;0,240937951;158,5173303;11,1196431;0,107;0;0,275;1,76;0,005480542;0,338;0,061;2,57;0,389;3,1074;0,1658
20um-5-10;20um;> 20 µm;20um-5-10;G512;135;T5;541;15;4;01/07/2016;183;-60,4;70;2;MIZ;0;4,3;Zymo;4348;43002;10742;22152;32894;0;1097681;-1,5;4,6;2,2;33,4;5;15;21,89875913;49,00068404;30,23513302;62,63214841;894,4389387;261,8974054;0;55,29386724;1,216668529;61,62909295;7,832877;6,519287288;1,167648484;242,1573885;12,53147647;1,201;0,018;0,531;2,829;0,050499276;0,317;0,425;0,442;2,262;6,0957;0,156
20um-5-11;20um;> 20 µm;20um-5-11;G512;135;T5;541;20;5;01/07/2016;183;-60,4;70;2;MIZ;0;3,3;Zymo;1732;14754;6702;12909;19611;0;991458;-1,6;14,5;2;33,5;5;15;21,89875913;31,38916663;12,75875068;75,26464496;638,1351073;155,6187207;0;31,39689632;2,095406971;46,37102387;2,188621862;5,986932135;0,176240623;135,3194554;11,27848571;4,55;0,027;0,612;4,044;0,090037469;0,359;1,125;0,135;7,435;9,582;0,1613
20um-5-12;20um;> 20 µm;20um-5-12;G512;135;T5;541;30;6;01/07/2016;183;-60,4;70;2;MIZ;0;0,8;Zymo;1515;19333;3581;2894;6475;0;663944;-1,7;0,9;2;33,7;5;15;21,89875913;0,509254647;0,509254647;37,86923629;16,89075738;28,04829446;0;4,627927187;0;17,65449169;6,89025277;2,60164906;1,589697883;71,01046221;8,636199958;7,531;0,103;0,785;5,989;0,156195435;0,359;1,257;0,104;9,594;0,7906;0,0655
20um-5-13;20um;> 20 µm;20um-5-13;G519;144;T5;2004;0;1;02/07/2016;184;-62,4;70;-3;MIZ;83,61999512;0,2;Zymo;26;23148;10709;1042;11751;0;957750;-1,3;0,1;2,9;32,2;4;0;4,493360418;7,920392211;0,953561738;13,45956627;62,6681478;36,23313407;17,48158982;13,31603749;17,10278523;9,92980689;0,795697778;1,490354009;0,075332064;106,3520999;9,828708154;3,991;0,067;0,764;8,775;0,117374294;0,473;0,455;0,191;5,224;0,6412;0,2229
20um-5-15;20um;> 20 µm;20um-5-15;G519;144;T5;2004;10;2;02/07/2016;184;-62,4;70;-3;MIZ;83,61999512;0,2;Zymo;65;19336;6265;1175;7440;0;466294;-1,5;0,3;2,5;32,9;4;0;4,493360418;;;;;;;;;;;;;;;;;;;;;;;;0,2499;0,0566
20um-5-16;20um;> 20 µm;20um-5-16;G519;144;T5;2004;15;3;02/07/2016;184;-62,4;70;-3;MIZ;83,61999512;0,5;Zymo;38;14988;1381;566;1947;0;450662;-1,6;0,2;2,8;33;4;0;4,493360418;1,081330718;0,392442798;67,90440581;21,08060628;21,32593775;17,8154757;3,334653515;10,35050111;4,078555584;0,432858489;0,596397815;0,106099084;84,58639832;9,986797118;6,594;0,122;1,016;11,379;0,15165504;0,473;0,579;0,154;6,49;0,4056;0,0905
3um-1-19;3um;3-20 µm;3um-1-19;G110;18;T1;1450;0;1;12/06/2016;164;-60,1;68,5;-25;UI;100;6,2;Zymo;227;15728;2990;1589;4579;125;389779;-1,6;0,2;2,1;33,4;24;0;3,050623564;11,03062642;1,159246986;16,34238984;155,709383;57,77344648;4,895779972;35,88858684;5,275641135;9,526346982;1,829911079;1,728376349;0,1395218;99,67652263;13,77344574;5,022;0,1;0,596;6,036;0,187907541;0,453;0,832;0,119;8,426;0,851;0,0886
3um-1-20;3um;3-20 µm;3um-1-20;G110;18;T1;1450;12;2;12/06/2016;164;-60,1;68,5;-25;UI;100;3,9;Zymo;123;10227;2813;1760;4573;115;370397;-1,7;0,2;2,1;33,4;24;0;3,050623564;8,269808003;2,027872164;5,741515248;129,3744537;33,49343508;22,18618275;28,66060932;8,432022841;7,312563616;2,608945717;1,334245226;0,090031031;110,5115852;16,97580547;5,233;0,052;0,652;6,055;0,349293596;0,453;0,864;0,125;8,026;0,8082;0,0803
3um-1-21;3um;3-20 µm;3um-1-21;G110;18;T1;1450;20;3;12/06/2016;164;-60,1;68,5;-25;UI;100;6,9;Zymo;239;21683;3339;1620;4959;104;352441;-1,7;0,3;2;33,5;24;0;3,050623564;7,708670826;0,669562341;6,273249985;143,5722147;59,13327691;30,27203177;23,76961196;6,640509286;9,543567296;1,414276749;1,452782198;0,064635597;105,4068218;22,71828202;5,665;0,051;0,722;6,282;0,161574151;0,533;0,902;0,127;7,846;0,6134;0,0617
3um-1-22;3um;3-20 µm;3um-1-22;G110;18;T1;1450;32;4;12/06/2016;164;-60,1;68,5;-25;UI;100;1,4;Zymo;142;11385;2250;1474;3724;52;330132;-1,7;0,4;2,2;33,6;24;0;3,050623564;1,850231179;0,22710603;2,122530524;138,2893479;21,29629199;40,15359867;13,61013377;4,59622909;5,560186073;0,413769562;0,958241154;0,144916941;100,7689238;5,5118985;6,762;0,051;0,787;7,438;0,043826283;0,493;0,909;0,116;8,592;0,4198;0,0504
3um-1-23;3um;3-20 µm;3um-1-23;G110;18;T1;1450;40;5;12/06/2016;164;-60,1;68,5;-25;UI;100;1,2;Zymo;419;28896;2135;1448;3583;16;327132;-1,7;0,5;2,2;33,6;24;0;3,050623564;1,007659309;0,13820887;0,147902548;126,8590536;19,36415279;29,41067243;18,44566266;4,416263831;3,78598843;1,228229202;0,786469519;0,095816943;105,4168812;5,408891981;6,857;0,056;0,808;7,725;0,038935797;1,169;0,888;0,118;8,486;0,2335;0,0308
3um-1-24;3um;3-20 µm;3um-1-24;G110;18;T1;1450;45;6;12/06/2016;164;-60,1;68,5;-25;UI;100;0,8;Zymo;337;21686;1302;781;2083;21;301500;-1,7;0,4;2,2;33,6;24;0;3,050623564;;;;;;;;;;;;;100,5356902;7,361009674;7,577;0,046;0,869;8,65;0,012226216;0,433;0,876;0,115;8,719;;
3um-1-25;3um;3-20 µm;3um-1-25;G115;25;T1;1734;0;1;13/06/2016;165;-61,4;68,4;-27;UI;93,43999481;1,3;Zymo;893;19208;1237;1672;2909;59;395059;-1,5;0,2;2,3;32,4;12;0;6,69882826;7,706012119;0,823936483;7,324019368;313,0709881;60,21217878;384,9210055;27,18515845;7,14836114;8,240442936;1,055020058;1,289217489;0,102228168;98,08866695;23,2116215;3,945;0,043;0,905;8,061;0,220978648;0,692;0,489;0,229;4,359;0,337;0,0463
3um-1-26;3um;3-20 µm;3um-1-26;G115;25;T1;1734;15;2;13/06/2016;165;-61,4;68,4;-27;UI;93,43999481;3,5;Zymo;656;10431;726;1371;2097;38;365162;-1,6;0,3;2,3;32,8;12;0;6,69882826;5,777684235;0,447373683;21,78072909;212,5370338;21,25861086;50,79069011;16,88975133;9,263807752;6,419540181;0,315147158;0,9330474;0,167139186;92,72517039;13,42832762;4,98;0,059;0,988;9,512;0,4454961;0,692;0,524;0,198;5,04;0,4212;0,0387
3um-1-27;3um;3-20 µm;3um-1-27;G115;25;T1;1734;25;3;13/06/2016;165;-61,4;68,4;-27;UI;93,43999481;0,8;Zymo;754;20055;301;1151;1452;0;304235;-1,6;0,3;2,5;33;12;0;6,69882826;3,49383774;0,279778244;16,22373019;259,568587;18,14975043;74,38994143;25,91298298;5,663402493;5,135102714;0,212350705;0,698378501;0,076957358;86,82520854;30,58136816;5,873;0,075;1,007;10,451;0,277992712;1,209;0,562;0,171;5,832;;
3um-1-28;3um;3-20 µm;3um-1-28;G115;25;T1;1734;40;4;13/06/2016;165;-61,4;68,4;-27;UI;93,43999481;0,9;Zymo;99;9765;75;247;322;0;174706;-1,5;0,1;2,8;33,2;12;0;6,69882826;0,816255646;0,157916015;4,135212938;141,5279313;4,444297237;73,19443662;6,291518517;3,046727297;3,370766307;0,464669;0,514135543;0,122499096;79,96826577;20,96381606;7,649;0,061;1,078;12,349;0,012582414;0,533;0,619;0,141;7,096;0,0709;0,0031
3um-1-29;3um;3-20 µm;3um-1-29;G115;25;T1;1734;49;5;13/06/2016;165;-61,4;68,4;-27;UI;93,43999481;0,3;Zymo;80;19441;22;43;65;0;126191;-1,4;0;2,9;33,3;12;0;6,69882826;0,151395049;0,028578244;2,950031149;107,610222;3,346433098;83,52912857;5,568781832;7,608330399;3,009193694;0,149059526;0,43704646;0,15616733;68,83479947;16,27912023;9,136;0,015;1,152;14,278;0,007470808;0,712;0,64;0,126;7,931;0,0356;0,0018
3um-2-01;3um;3-20 µm;3um-2-01;G201;29;T2;1354;0;1;14/06/2016;166;-59,9;68,6;-21;UI;98,62999725;4,8;Zymo;95;6713;9802;818;10620;68;585044;-1,5;0,1;2,1;33,3;24;1;8,417219486;12,05148927;1,111848347;22,95260091;91,06024657;117,538669;66,52044468;NA;8,21215676;11,92424754;1,311802621;1,838531329;8,62E-04;101,5892617;13,76306892;5,146;0,051;0,681;6,511;0,203702768;NA;0,79;0,132;7,557;0,7445;0,1197
3um-2-02;3um;3-20 µm;3um-2-02;G201;29;T2;1354;15;2;14/06/2016;166;-59,9;68,6;-21;UI;98,62999725;4,7;Zymo;182;16972;7630;990;8620;68;516529;-1,6;0,3;2;33,4;24;1;8,417219486;6,926631284;1,860589757;9,710299761;39,41073563;68,33141882;46,2552467;NA;3,599264449;9,48976154;0,086703268;1,347704346;0,039223962;NA;NA;5,39;0,055;0,76;6,901;0,216434191;NA;0,781;0,141;7,092;;
3um-2-03;3um;3-20 µm;3um-2-03;G201;29;T2;1354;17;3;14/06/2016;166;-59,9;68,6;-21;UI;98,62999725;4,1;Zymo;398;28533;5490;891;6381;83;526147;-1,7;0,3;2,1;33,4;24;1;8,417219486;;;;;;;;;;;;;;;5,344;0,052;0,766;6,718;;;0,795;0,143;6,977;;
3um-2-04;3um;3-20 µm;3um-2-04;G201;29;T2;1354;21;4;14/06/2016;166;-59,9;68,6;-21;UI;98,62999725;4,1;Zymo;352;32075;7432;875;8307;57;495324;-1,7;0,4;2,1;33,4;24;1;8,417219486;5,903797554;0,481741966;12,27747798;46,2482933;58,25198812;42,99338601;NA;9,971101105;8,689522763;0,806087185;1,131918081;0,098192654;112,0083858;17,67624523;5,439;0,047;0,784;6,849;0,202159565;NA;0,794;0,144;6,938;0,7119;0,1204
3um-2-05;3um;3-20 µm;3um-2-05;G201;29;T2;1354;25;5;14/06/2016;166;-59,9;68,6;-21;UI;98,62999725;2,1;Zymo;292;37417;8068;786;8854;89;489426;-1,7;0,5;2,1;33,5;24;1;8,417219486;;;;;;;;;;;;;NA;NA;5,463;0,043;0,778;6,932;NA;NA;0,788;0,142;7,022;;
3um-2-06;3um;3-20 µm;3um-2-06;G201;29;T2;1354;32;6;14/06/2016;166;-59,9;68,6;-21;UI;98,62999725;4,6;Zymo;229;20824;5078;1005;6083;99;440824;-1,7;0,4;2,1;33,5;24;1;8,417219486;1,523794009;0,568519204;7,57586022;21,25365853;39,49278671;41,18104553;NA;8,705197197;6,793056171;0,20999553;0,912750092;0,07041221;103,8466933;13,45473754;5,691;0,041;0,778;7,155;0,167437503;NA;0,795;0,137;7,315;0,5411;0,0655
3um-2-07;3um;3-20 µm;3um-2-07;G204;34;T2;549;0;1;15/06/2016;167;-59,3;68,7;-14;UI;92,66999817;3,3;Zymo;1088;6278;14289;4883;19172;39;2259417;-1,5;1;1,9;32,5;9;7;15,46969002;88,12898489;2,974917074;69,0755273;126,8412239;405,437885;44,73126707;122,5648301;28,6867219;44,38293329;3,973683325;4,20714389;0,439741685;180,0085595;8,941347373;0,083;0,015;0,166;1,375;1,375;0,413;0,06;2;0,5;2,4849;0,0975
3um-2-08;3um;3-20 µm;3um-2-08;G204;34;T2;549;13;2;15/06/2016;167;-59,3;68,7;-14;UI;92,66999817;2,9;Zymo;10137;52695;9322;3489;12811;72;1648983;-1,6;2,6;1,9;33;9;7;15,46969002;55,01395853;3,969757987;64,27759269;622,503965;347,7605706;30,39322969;123,8405334;47,03419994;28,1625593;1,08101023;4,029399338;0,167225494;133,8979632;11,26723798;1,85;0,038;0,397;3,14;3,14;1,845;0,589;0,215;4,66;2,1914;0,0972
3um-2-09;3um;3-20 µm;3um-2-09;G204;34;T2;549;20;3;15/06/2016;167;-59,3;68,7;-14;UI;92,66999817;1;Zymo;1848;21146;11372;1200;12572;17;1158300;-1,6;0,8;2;33,5;9;7;15,46969002;11,68514332;0,681595071;40,69337815;193,7524348;157,4145268;9,8370686;17,37249517;13,74135638;11,32895734;1,088501238;1,573676557;0,11650081;121,6437791;6,991808067;4,442;0,06;0,571;5,24;5,24;0,453;0,848;0,129;7,779;1,1879;0,1567
3um-2-10;3um;3-20 µm;3um-2-10;G204;34;T2;549;29;4;15/06/2016;167;-59,3;68,7;-14;UI;92,66999817;1;Zymo;92;10406;11133;450;11583;0;732550;-1,7;0,5;2;33,6;9;7;15,46969002;1,306276918;1,055386335;10,05484125;171,8317032;31,4472674;15,01967406;5,049105649;16,50679261;6,006380159;0,770045746;0,63752353;0,15176239;133,1994533;5,831954455;6,343;0,076;0,726;7,685;7,685;0,453;0,825;0,114;8,737;0,6884;0,2823
3um-2-11;3um;3-20 µm;3um-2-11;G204;34;T2;549;39;5;15/06/2016;167;-59,3;68,7;-14;UI;92,66999817;1,1;Zymo;131;15491;5206;522;5728;0;484650;-1,7;0,3;2,1;33,7;9;7;15,46969002;0,711142289;0,711142289;4,603158677;257,2489846;10,34229575;5,087067246;7,15098013;23,59391526;6,331530929;1,775031545;0,615281197;0,109642477;97,55341942;7,65528973;7,04;0,084;0,793;7,577;7,577;0,433;0,929;0,113;8,878;0,3431;0,0756
3um-2-12;3um;3-20 µm;3um-2-12;G204;34;T2;549;50;6;15/06/2016;167;-59,3;68,7;-14;UI;92,66999817;0,8;Zymo;196;15071;1683;450;2133;0;307417;-1,6;0,2;2,1;33,7;9;7;15,46969002;;;;;;;;;;;;;;;;;;;;;;;;;
3um-2-13;3um;3-20 µm;3um-2-13;G207;40;T2;322;0;1;16/06/2016;168;-58,5;68,8;2;MIZ;41,02999878;3,2;Zymo;4585;25333;14877;2518;17395;0;1815030;-0,3;0,9;1,8;33;7;20;19,59633845;14,41313098;1,008963408;13,45290383;197,5659169;173,5137436;34,36203846;135,0239521;2,367539307;24,13674357;2,278553622;2,558781864;0,084394952;181,5554581;37,11869856;0,181;0,06;0,096;3,809;0,413;0,413;0,048;0,53;1,885;1,5686;0,0991
3um-2-14;3um;3-20 µm;3um-2-14;G207;40;T2;322;15;2;16/06/2016;168;-58,5;68,8;2;MIZ;41,02999878;16,8;Zymo;5817;18792;16118;10749;26867;0;1565136;-0,7;3,5;1,9;33,2;7;20;19,59633845;33,30969872;4,972836298;46,56106516;125,1413216;704,2269945;67,2971873;165,188448;10,83995807;46,45063099;2,693793234;5,376178943;0,031391447;123,9206876;20,27278367;0,272;0,035;0,202;3,458;0,652;0,652;0,079;0,743;1,347;3,5095;0,1208
3um-2-15;3um;3-20 µm;3um-2-15;G207;40;T2;322;19;3;16/06/2016;168;-58,5;68,8;2;MIZ;41,02999878;6;Zymo;7536;22047;11703;7379;19082;0;1087682;-1,5;6,1;2;33,6;7;20;19,59633845;23,41984082;1,884063714;55,86023204;110,7423681;671,0622663;80,12633332;122,4804958;8,774546697;48,75536934;4,732606574;5,494023899;0,281025474;134,0821433;26,8561777;0,05;0;0,22;2,615;0,373;0,373;0,019;4,4;0,227;3,0424;0,1164
3um-2-16;3um;3-20 µm;3um-2-16;G207;40;T2;322;29;4;16/06/2016;168;-58,5;68,8;2;MIZ;41,02999878;2;Zymo;3644;25050;8610;1415;10025;0;658939;-1,7;0,8;1,9;33,7;7;20;19,59633845;3,478754778;3,478754778;49,57354736;54,01326985;80,99456576;79,18105193;17,87257554;13,0136314;10,72608824;0,803599939;1,542175696;0,24955316;;;5,856;0,11;0,574;5,488;;;1,067;0,098;10,202;0,6447;0,1873
3um-2-17;3um;3-20 µm;3um-2-17;G207;40;T2;322;37;5;16/06/2016;168;-58,5;68,8;2;MIZ;41,02999878;1,2;Zymo;406;4523;6974;662;7636;0;530485;-1,7;0,7;2;33,7;7;20;19,59633845;;;;;;;;;;;;;;;;;;;;;;;;0,4881;0,1821
3um-2-18;3um;3-20 µm;3um-2-18;G207;40;T2;322;50;6;16/06/2016;168;-58,5;68,8;2;MIZ;41,02999878;1,1;Zymo;318;26221;1379;241;1620;0;323591;-1,6;0,2;2;33,8;7;20;19,59633845;;;;;;;;;;;;;;;;;;;;;;;;0,1374;0,0267
3um-3-01;3um;3-20 µm;3um-3-01;G300;49;T3;196;0;1;17/06/2016;169;-56,8;69;26;OW;0;2,8;Zymo;276;29832;714;450;1164;0;1017000;1,3;0,1;2;33,8;42;31;18,82558791;4,535649287;0,431111363;5,459112333;63,17106685;239,7543198;19,33766594;139,8414885;1,481350321;22,40306536;2,166143974;2,193590849;0,500476097;154,2013502;6,398727808;0;0;0,194;1,715;0,314;0,314;0;;0;0,229;NA
3um-3-03;3um;3-20 µm;3um-3-03;G300;49;T3;196;26;2;17/06/2016;169;-56,8;69;26;OW;0;1,4;Zymo;113;15333;614;354;968;0;1006894;1,2;0,2;2;33,8;42;31;18,82558791;3,467792497;0,238470366;7,282774757;55,4668552;162,9613377;13,97232592;115,3244688;1,347839839;23,34567032;1,816763004;2,566991602;0,319476312;174,0357353;17,12373865;0;0;0,214;1,537;0,314;0,314;0;;0;;
3um-3-04;3um;3-20 µm;3um-3-04;G300;49;T3;196;47;3;17/06/2016;169;-56,8;69;26;OW;0;0,9;Zymo;1495;14539;0;1048;1048;0;528409;-0,8;1,8;2,1;33,8;42;31;18,82558791;3,839199017;0,720515486;36,86287649;89,55865002;100,3356901;25,90633982;26,10571474;6,201303872;18,40272882;1,372672826;2,165858909;0,273579497;158,2016868;17,37793109;1,7;0,058;0,419;3,077;0,433;0,433;0,552;0,246;4,057;2,3548;NA
3um-3-05;3um;3-20 µm;3um-3-05;G300;49;T3;196;64;4;17/06/2016;169;-56,8;69;26;OW;0;4,2;Zymo;6461;31365;0;3921;3921;0;794939;-0,8;1,9;2,1;34;42;31;18,82558791;0,505662382;0,084803228;72,17925544;65,4366465;78,40069837;98,23142426;16,59748415;18,23378614;19,80896426;2,338658749;2,31647546;0,262734725;312,6228769;22,16977261;9,006;0,161;0,905;5,642;0,513;0,513;1,596;0,1;9,951;;
3um-3-06;3um;3-20 µm;3um-3-06;G300;49;T3;196;75;5;17/06/2016;169;-56,8;69;26;OW;0;5,3;Zymo;4976;24474;0;3386;3386;0;925576;-0,5;1,7;2,2;34;42;31;18,82558791;;;;;;;;;;;;;;;;;;;;;;;;;
3um-3-07;3um;3-20 µm;3um-3-07;G309;58;T3;343;0;1;18/06/2016;170;-58,7;69;2;MIZ;0;2,7;Zymo;2381;21332;;;0;;;-0,6;0,8;1,8;33,1;12;19;20,20734562;28,36983978;1,586452769;72,55834171;190,6228746;448,971864;67,65133991;186,5038209;6,304798694;27,17675694;0,839914842;3,216514652;0,225361916;10,22182519;19,26632182;0,026;0,046;0,086;1,702;0,09850693;0,652;0,015;3,308;0,302;0,7775;0,0419
3um-3-08;3um;3-20 µm;3um-3-08;G309;58;T3;343;13;2;18/06/2016;170;-58,7;69;2;MIZ;0;1,1;Zymo;3487;30682;;;0;;;-0,6;1,7;1,9;33,1;12;19;20,20734562;11,98883522;2,552836951;101,6021459;164,0469837;396,8610399;70,09087629;141,9735999;8,687791468;26,52101821;3,703950379;3,021170702;0,269402066;197,8704745;13,05642678;0,021;0,012;0,075;1,076;0,029607943;0,652;0,02;3,571;0,28;;
3um-3-09;3um;3-20 µm;3um-3-09;G309;58;T3;343;15;3;18/06/2016;170;-58,7;69;2;MIZ;0;1,7;Zymo;3126;21391;;;0;;;-0,6;2,2;1,9;33,1;12;19;20,20734562;9,559871237;0,616807534;115,1147192;245,8677377;501,2984788;77,08223864;165,1853308;13,65846957;28,99589779;3,706708742;3,059403126;0,29942658;232,7941771;16,04430721;0,028;0,022;0,077;1,251;0,16703349;0,712;0,022;2,75;0,364;2,1307;0,0783
3um-3-10;3um;3-20 µm;3um-3-10;G309;58;T3;343;20;4;18/06/2016;170;-58,7;69;2;MIZ;0;3,5;Zymo;11156;46889;;;0;;;-0,9;4,8;2;33,4;12;19;20,20734562;12,58286637;3,124814537;NA;288,3709584;NA;NA;65,47500118;NA;39,27067801;1,359156767;5,410240201;0,47705635;185,1208147;5,973211229;0,758;0,031;0,27;3,007;0,017317853;0,99;0,252;0,356;2,807;2,8827;0,0951
3um-3-11;3um;3-20 µm;3um-3-11;G309;58;T3;343;38;5;18/06/2016;170;-58,7;69;2;MIZ;0;1,6;Zymo;1314;22197;;;0;;;-1,7;0,5;2;33,7;12;19;20,20734562;;;;;;;;;;;;;;;;;;;;;;;;0,4724;0,0501
3um-3-12;3um;3-20 µm;3um-3-12;G309;58;T3;343;50;6;18/06/2016;170;-58,7;69;2;MIZ;0;1,6;Zymo;442;15487;;;0;;;-1,7;0,2;2;33,8;12;19;20,20734562;;;;;;;;;;;;;;;;;;;;;;;;;
3um-3-13;3um;3-20 µm;3um-3-13;G312;66;T3;1395;0;1;19/06/2016;171;-59,6;69;-10;MIZ;100;0,3;Zymo;571;9069;4751;582;5333;100;1361971;-1,6;0,2;1,8;32,6;11;0;2,179350584;15,94564669;1,222693557;123,6704971;102,9169392;277,0045728;164,8886071;15,46134574;10,38249625;14,34687698;2,136540418;2,33201502;0,290040277;NA;13,77464885;1,742;0,052;0,447;4,04;0,77165589;0,791;0,431;0,257;3,897;0,7136;0,1122
3um-3-14;3um;3-20 µm;3um-3-14;G312;66;T3;1395;11;2;19/06/2016;171;-59,6;69;-10;MIZ;100;2;Zymo;249;6582;6264;542;6806;104;1196800;-1,6;0,2;1,9;32,7;11;0;2,179350584;12,23762696;2,410585663;152,8720548;73,52747632;228,8371968;178,8926875;14,84896066;5,775271002;13,15733606;0,674309753;2,085235567;0,131220892;82,41681826;6,782195947;2,711;0,057;0,547;4,919;0,632944633;0,791;0,551;0,202;4,956;1,0721;0,1386
3um-3-15;3um;3-20 µm;3um-3-15;G312;66;T3;1395;18;3;19/06/2016;171;-59,6;69;-10;MIZ;100;3,7;Zymo;5326;36901;10020;1701;11721;80;1135100;-1,6;1,4;1,9;33,2;11;0;2,179350584;21,77728668;2,987093655;163,8062326;167,3073086;239,540217;164,8095042;17,14514635;18,03826496;16,13537509;0,845117335;2,579053478;0,131907106;137,6143514;4,95435812;3,509;0,056;0,619;5,991;0,300276088;0,433;0,586;0,176;5,669;1,0345;0,1366
3um-3-16;3um;3-20 µm;3um-3-16;G312;66;T3;1395;28;4;19/06/2016;171;-59,6;69;-10;MIZ;100;1,8;Zymo;2559;21637;6602;930;7532;15;671114;-1,6;1,3;2;33,5;11;0;2,179350584;5,680734937;1,097750921;144,8071808;23,79764079;85,93176687;152,9252732;8,986165146;12,03263365;8,240686067;0,66686072;1,341723383;0,107293518;149,6644385;6,591794435;5,963;0,066;0,804;8,022;0,221580303;0,393;0,743;0,135;7,417;0,6876;0,1063
3um-3-17;3um;3-20 µm;3um-3-17;G312;66;T3;1395;35;5;19/06/2016;171;-59,6;69;-10;MIZ;100;2,5;Zymo;122;1967;3408;642;4050;0;445386;-1,6;0,6;2,2;33,6;11;0;2,179350584;1,800992937;0,318857989;139,8608139;9,385622082;32,82098844;129,5466065;5,014105261;5,685451386;5,055177694;0,67229855;0,83494618;0,138796729;115,4513647;5,565558359;7,133;0,071;0,87;8,56;0,31537932;0,433;0,833;0,122;8,199;0,4584;0,0718
3um-3-18;3um;3-20 µm;3um-3-18;G312;66;T3;1395;54;6;19/06/2016;171;-59,6;69;-10;MIZ;100;0,6;Zymo;439;38380;1597;507;2104;0;331314;-1,7;0,3;2,1;33,7;11;0;2,179350584;;;;;;;;;;;;;;;;;;;;;;;;;
3um-3-19;3um;3-20 µm;3um-3-19;G318;73;T3;1775;0;1;20/06/2016;172;-61;69;-15;UI;98,87999725;16,9;Zymo;231;16811;2216;2735;4951;137;300294;-1,5;0,3;2;33,2;9;0;6,772966238;16,75490825;1,072936413;123,1726766;88,51744221;41,43161731;93,76803788;20,10236762;4,064044459;12,99262331;1,048735118;2,129367432;0,249564131;151,1455982;15,16146904;5,164;0,1;0,676;6,86;0,25565789;1,905;0,753;0,131;7,639;1,0924;0,1744
3um-3-20;3um;3-20 µm;3um-3-20;G318;73;T3;1775;12;2;20/06/2016;172;-61;69;-15;UI;98,87999725;9,3;Zymo;589;30600;1157;2598;3755;142;283544;-1,6;0,4;2;33,5;9;0;6,772966238;11,61354608;0,844233127;188,2959808;65,8475488;178,7674405;78,95861773;60,44138976;19,10480974;9,303168691;0,454070547;1,874522298;0,256455852;150,6796548;14,30728762;5,605;0,052;0,753;6,275;0,241138562;1,905;0,893;0,134;7,444;0,9073;0,0491
3um-3-21;3um;3-20 µm;3um-3-21;G318;73;T3;1775;19;3;20/06/2016;172;-61;69;-15;UI;98,87999725;8,6;Zymo;697;25278;662;1838;2500;49;247132;-1,7;0,6;2,1;33,6;9;0;6,772966238;7,408897761;0,647406543;68,06974304;46,80142779;40,2064836;37,34631445;16,26251862;1,236354643;6,976989081;0,776405279;1,475822121;0,18804527;92,75256326;29,29455872;6,403;0,06;0,84;7,489;0,16265571;0,692;0,855;0,131;7,623;0,7178;0,0415
3um-3-22;3um;3-20 µm;3um-3-22;G318;73;T3;1775;30;4;20/06/2016;172;-61;69;-15;UI;98,87999725;0,9;Zymo;111;19636;221;838;1059;15;220779;-1,7;0,2;2,3;33,7;9;0;6,772966238;1,279688116;0,032512991;35,57925534;9,39595852;30,78289564;4,877638655;7,610407791;1,307577112;2,399819879;1,010077546;1,03204944;0,247958577;138,8837126;25,81426502;8,513;0,084;0,965;9,514;0,026095548;0,473;0,895;0,113;8,822;0,1926;0,0154
3um-3-23;3um;3-20 µm;3um-3-23;G318;73;T3;1775;43;5;20/06/2016;172;-61;69;-15;UI;98,87999725;1,7;Zymo;435;22659;240;809;1049;0;238397;-1,7;0,1;2,2;33,7;9;0;6,772966238;0,563460541;0,093541414;47,98102891;5,344558708;48,24724985;4,287241018;7,95822518;7,149885964;2,230486313;0,829332539;0,655444459;0,168967914;101,654464;5,403099913;8,568;0,052;0,927;8,643;0,019424506;1,01;0,991;0,108;9,243;;
3um-3-24;3um;3-20 µm;3um-3-24;G318;73;T3;1775;59;6;20/06/2016;172;-61;69;-15;UI;98,87999725;0,9;Zymo;448;27379;0;926;926;0;232647;-1,7;0,2;2,1;33,8;9;0;6,772966238;0,051894104;0,051894104;54,91518921;3,744153824;54,78874637;1,96583008;3,334226817;8,604527311;2,547895556;0,635806505;0,574261848;0,11344498;117,9586469;5,025269247;8,674;0,047;0,918;8,384;0,024918305;0,692;1,035;0,106;9,449;0,0749;0,0108
3um-3-25;3um;3-20 µm;3um-3-25;G324;81;T3;1890;0;1;21/06/2016;173;-62,3;69;-23;UI;100;18,3;Zymo;526;16282;2808;2869;5677;146;555563;-1,6;0,2;2,4;32,5;10;0;3,188040945;14,83211612;0,575628524;104,9322799;118,958698;47,35453905;73,20680683;28,15559351;2,827353528;11,81993994;1,049442427;2,034112222;0,169271745;133,6189906;5,584325931;4,114;0,082;0,892;9,875;0,194001555;0,513;0,417;0,217;4,612;0,8836;0,1529
3um-3-26;3um;3-20 µm;3um-3-26;G324;81;T3;1890;12;2;21/06/2016;173;-62,3;69;-23;UI;100;4,7;Zymo;967;43921;3722;1929;5651;131;504484;-1,6;0,6;2,4;32,8;10;0;3,188040945;12,05511168;0,073602467;71,33684721;53,01450593;47,20885006;52,44416363;17,44524679;2,828052159;11,1878607;0,724056874;2,170632256;0,263725172;132,1733708;5,455805897;4,13;0,058;0,897;8,197;0,23524598;0,513;0,504;0,217;4,604;0,8879;0,1449
3um-3-27;3um;3-20 µm;3um-3-27;G324;81;T3;1890;20;3;21/06/2016;173;-62,3;69;-23;UI;100;7,6;Zymo;518;28960;4449;1490;5939;76;523625;-1,6;0,7;2,5;33;10;0;3,188040945;8,515803717;0,205797225;78,91111847;37,92008345;37,39470655;49,23244456;13,84691874;0,519610381;7,835241606;0,282739017;1,546227058;0,377418875;96,04970874;6,56023765;4,366;0,058;0,886;7,674;0,240974372;0,393;0,569;0,203;4,928;0,7565;0,1261
3um-3-28;3um;3-20 µm;3um-3-28;G324;81;T3;1890;31;4;21/06/2016;173;-62,3;69;-23;UI;100;6,1;Zymo;71;8528;3672;1298;4970;25;385953;-1,6;0,6;2,5;33,1;10;0;3,188040945;4,227047874;0,116535653;26,10269803;14,89175868;9,936008425;27,00197413;11,3404713;1,747194145;5,719181458;0,1661096;1,241570522;0,376071706;116,86506;5,141867631;5,362;0,069;0,939;8,46;0,218442696;0,552;0,634;0,175;5,71;0,6684;0,1063
3um-3-29;3um;3-20 µm;3um-3-29;G324;81;T3;1890;39;5;21/06/2016;173;-62,3;69;-23;UI;100;5;Zymo;312;23010;3934;1141;5075;40;286047;-1,6;0,6;2,5;33,4;10;0;3,188040945;1,703425342;0,287857691;50,2031394;5,964160241;35,52483974;10,73375957;5,548968115;2,713445066;4,896118184;0,115903046;1,000663138;0,302889314;119,7658222;5,362814847;6,446;0,079;0,968;9,325;0,115331633;0,751;0,691;0,15;6,659;0,5629;0,0996
3um-3-30;3um;3-20 µm;3um-3-30;G324;81;T3;1890;60;6;21/06/2016;173;-62,3;69;-23;UI;100;1,5;Zymo;206;16338;449;354;803;15;185094;-1,7;0,2;2,6;33,6;10;0;3,188040945;;;;;;;;;;;;;;;;;;;;;;;;;
3um-5-03;3um;3-20 µm;3um-5-03;G507;124;T5;293;12;1;30/06/2016;182;-59,1;70;3;MIZ;0;6,3;Zymo (Filter + Lysate);1701;15613;20469;1651;22120;0;2893129;-1,5;2,5;1,9;33,1;8;14;14,33051987;;;;;;;;;;;;;;;1,187;0,028;0,378;1,191;;;0,997;0,318;3,14;;
3um-5-04;3um;3-20 µm;3um-5-04;G507;124;T5;293;20;2;30/06/2016;182;-59,1;70;3;MIZ;0;2,4;Zymo (Filter + Lysate);2100;30709;9984;1083;11067;0;1856274;-1,6;1,2;2;33,5;8;14;14,33051987;;;;;;;;;;;;;;;4,306;0,065;0,556;2,488;;;1,731;0,129;7,745;1,8383;0,1997
3um-5-06;3um;3-20 µm;3um-5-06;G507;124;T5;293;50;3;30/06/2016;182;-59,1;70;3;MIZ;0;0,2;Zymo (Filter);305;15548;984;292;1276;0;507306;-1,7;0,1;2,1;33,8;8;14;14,33051987;;;;;;;;;;;;;;;8,045;0,154;0,772;5,83;;;1,38;0,096;10,421;0,2197;0,0101
3um-5-07;3um;3-20 µm;3um-5-07;G512;135;T5;541;0;1;01/07/2016;183;-60,4;70;2;MIZ;0;8,3;Zymo (Filter + Lysate);1634;36629;16510;2793;19303;0;2204730;-0,8;0,1;1,6;31,8;5;15;21,89875913;16,73246833;9,789526478;14,37855247;59,45004083;145,2694111;11,45399516;101,4230029;1,040313948;44,33079979;4,299987059;4,28862105;0,279624582;114,1032982;8,282611629;0,007;0,003;0,175;1,452;0,028968577;0,296;0,005;25;0,04;1,2125;0,0602
3um-5-08;3um;3-20 µm;3um-5-08;G512;135;T5;541;5;2;01/07/2016;183;-60,4;70;2;MIZ;0;10,3;Zymo (Filter + Lysate);3724;15159;11045;8111;19156;0;2112900;-0,9;0,1;1,8;32,3;5;15;21,89875913;25,17950518;12,76274281;10,35410039;25,98712191;73,47128306;2,902947701;43,01946078;0,675805066;46,43273077;3,199044978;4,339514498;0,06786493;165,7817491;10,97354766;0,062;0,002;0,294;1,894;0,00861228;0,296;0,033;4,742;0,211;1,3275;0,0761
3um-5-09;3um;3-20 µm;3um-5-09;G512;135;T5;541;10;3;01/07/2016;183;-60,4;70;2;MIZ;0;7,8;Zymo (Filter + Lysate);7237;35341;12965;6798;19763;0;2158240;-1,3;0,4;2;33,1;5;15;21,89875913;14,54356271;5,393978799;4,618102234;75,30871146;100,3739383;8,110991939;44,6804146;0,964839878;40,61543502;2,778656487;3,975679725;0,240937951;158,5173303;11,1196431;0,107;0;0,275;1,76;0,005480542;0,338;0,061;2,57;0,389;3,1074;0,1658
3um-5-11;3um;3-20 µm;3um-5-11;G512;135;T5;541;20;4;01/07/2016;183;-60,4;70;2;MIZ;0;12;Zymo (Filter + Lysate);5157;17389;6702;12909;19611;0;991458;-1,6;14,5;2;33,5;5;15;21,89875913;31,38916663;12,75875068;75,26464496;638,1351073;155,6187207;0;31,39689632;2,095406971;46,37102387;2,188621862;5,986932135;0,176240623;135,3194554;11,27848571;4,55;0,027;0,612;4,044;0,090037469;0,359;1,125;0,135;7,435;9,582;0,1613
3um-5-12;3um;3-20 µm;3um-5-12;G512;135;T5;541;30;5;01/07/2016;183;-60,4;70;2;MIZ;0;3,1;Zymo (Filter + Lysate);10095;49574;3581;2894;6475;0;663944;-1,7;0,9;2;33,7;5;15;21,89875913;0,509254647;0,509254647;37,86923629;16,89075738;28,04829446;0;4,627927187;0;17,65449169;6,89025277;2,60164906;1,589697883;71,01046221;8,636199958;7,531;0,103;0,785;5,989;0,156195435;0,359;1,257;0,104;9,594;0,7906;0,0655
3um-5-14;3um;3-20 µm;3um-5-14;G519;144;T5;2004;5;1;02/07/2016;184;-62,4;70;-3;MIZ;83,61999512;2,3;Zymo (Filter + Lysate);173;7674;10952;1323;12275;0;831603;-1,4;0,1;2,5;32,5;4;0;4,493360418;;;;;;;;;;;;;;;;;;;;;;;;;
3um-5-16;3um;3-20 µm;3um-5-16;G519;144;T5;2004;15;2;02/07/2016;184;-62,4;70;-3;MIZ;83,61999512;2;Zymo (Filter);450;33181;1381;566;1947;0;450662;-1,6;0,2;2,8;33;4;0;4,493360418;1,081330718;0,392442798;67,90440581;21,08060628;21,32593775;17,8154757;3,334653515;10,35050111;4,078555584;0,432858489;0,596397815;0,106099084;84,58639832;9,986797118;6,594;0,122;1,016;11,379;0,15165504;0,473;0,579;0,154;6,49;0,4056;0,0905
